host,stride,class_index,model_class_count,class_working_set_range,class_median_range,representative_bytes,cpu,unit,source,previous_class_same_cpu,incremental_median_penalty,n,mean,stddev,median,q1,q3,p05,p95,minimum,maximum,outliers,outlier_rule,zero_samples
sunbird,8,1,5,"[1024, 32768]","[4.1328125, 4.296875]",4096,7,TSC_ticks/access,machines/sunbird/followup-v1/capacity_control/fbbff4de05c22abc/attempt-1788861058554425428/run.json,,,1000000,4.1447154921875,0.34710424943189083,4.1328125,4.1328125,4.140625,4.125,4.140625,4.125,30.8515625,1005,outside Q1 - 1.5 IQR or Q3 + 1.5 IQR; retained,0
sunbird,8,2,5,"[65536, 262144]","[8.640625, 11.4296875]",131072,7,TSC_ticks/access,machines/sunbird/followup-v1/capacity_control/3ade86556c0224c1/attempt-1788861202446405871/run.json,True,6.234375,1000000,10.4180755390625,0.6575831185884217,10.3671875,10.28125,10.4765625,10.1953125,10.6015625,10.1328125,312.3125,2846,outside Q1 - 1.5 IQR or Q3 + 1.5 IQR; retained,0
sunbird,8,3,5,"[524288, 1048576]","[29.1640625, 36.796875]",524288,7,TSC_ticks/access,machines/sunbird/followup-v1/capacity_control/eb45718f67b19dd5/attempt-1788861231992936021/run.json,True,18.796875,1000000,29.2383553046875,1.4267501522441746,29.1640625,28.5703125,29.6953125,27.9140625,30.6796875,26.4453125,334.9453125,9124,outside Q1 - 1.5 IQR or Q3 + 1.5 IQR; retained,0
sunbird,8,4,5,"[2097152, 16777216]","[40.5, 61.640625]",4194304,7,TSC_ticks/access,machines/sunbird/followup-v1/capacity_control/21a64f78b9183ef8/attempt-1788861213069484962/run.json,True,13.15625,1000000,42.419768484375,1.4640658382438052,42.3203125,41.9609375,42.640625,41.5390625,43.0859375,40.546875,395.1875,11796,outside Q1 - 1.5 IQR or Q3 + 1.5 IQR; retained,0
sunbird,8,5,5,"[33554432, 268435456]","[144.8515625, 203.6640625]",67108864,7,TSC_ticks/access,machines/sunbird/followup-v1/capacity_control/70d1a1662f4691e8/attempt-1788861062168356111/run.json,True,132.828125,1000000,175.5196073671875,4.609288172434059,175.1484375,172.65625,177.703125,169.171875,182.6875,159.6171875,607.625,37963,outside Q1 - 1.5 IQR or Q3 + 1.5 IQR; retained,0
sunbird,64,1,5,"[1024, 32768]","[4.1328125, 4.78125]",4096,7,TSC_ticks/access,machines/sunbird/followup-v1/capacity_control/3ce59bbd207d9f88/attempt-1788861506913165498/run.json,,,1000000,4.1449843359375,0.355512804562587,4.1328125,4.1328125,4.140625,4.125,4.140625,4.125,25.6796875,1074,outside Q1 - 1.5 IQR or Q3 + 1.5 IQR; retained,0
sunbird,64,2,5,"[65536, 262144]","[12.125, 12.8984375]",131072,7,TSC_ticks/access,machines/sunbird/followup-v1/capacity_control/e05f91aec0a120e8/attempt-1788861578622312636/run.json,True,8.0,1000000,12.16592675,0.7066953043838891,12.1328125,12.1328125,12.1328125,12.125,12.15625,12.109375,373.421875,389608,outside Q1 - 1.5 IQR or Q3 + 1.5 IQR; retained,0
sunbird,64,3,5,"[524288, 8388608]","[44.0625, 44.09375]",2097152,7,TSC_ticks/access,machines/sunbird/followup-v1/capacity_control/c09142984add42be/attempt-1788861774521181795/run.json,True,31.9296875,1000000,44.206302265625,1.427375641235678,44.0625,43.8671875,44.2578125,43.59375,44.6796875,43.0703125,356.1796875,49883,outside Q1 - 1.5 IQR or Q3 + 1.5 IQR; retained,0
sunbird,64,4,5,"[16777216, 33554432]","[110.5703125, 203.7265625]",16777216,7,TSC_ticks/access,machines/sunbird/followup-v1/capacity_control/c29e0a8fac95b304/attempt-1788861513807604637/run.json,True,66.5078125,1000000,112.2182209765625,8.24018847478049,110.5703125,107.171875,114.8203125,102.71875,128.6796875,90.8515625,624.4140625,64480,outside Q1 - 1.5 IQR or Q3 + 1.5 IQR; retained,0
sunbird,64,5,5,"[67108864, 268435456]","[204.0859375, 210.96875]",134217728,7,TSC_ticks/access,machines/sunbird/followup-v1/capacity_control/a7eb72d141407117/attempt-1788861665372458840/run.json,True,98.0703125,1000000,209.2173629140625,4.187925734760392,208.640625,207.0625,210.4140625,204.953125,214.140625,199.953125,1084.65625,47301,outside Q1 - 1.5 IQR or Q3 + 1.5 IQR; retained,0
thunderbird,8,1,5,"[1024, 65536]","[0.0341796875, 0.03515625]",8192,0,CNTVCT_ticks/access,machines/thunderbird/followup-v1/capacity_control/6f1cdcd280f9c02e/attempt-1788861353197870572/run.json,,,1000000,0.03429000390625,0.0038316841277414877,0.0341796875,0.0341796875,0.0341796875,0.0341796875,0.03515625,0.0341796875,3.7646484375,102356,outside Q1 - 1.5 IQR or Q3 + 1.5 IQR; retained,0
thunderbird,8,2,5,"[131072, 1048576]","[0.07421875, 0.1064453125]",262144,0,CNTVCT_ticks/access,machines/thunderbird/followup-v1/capacity_control/2cbd72de5f317b8d/attempt-1788861340090077346/run.json,True,0.0576171875,1000000,0.0924178876953125,0.005289249470209879,0.091796875,0.091796875,0.0927734375,0.0908203125,0.0947265625,0.0888671875,3.5947265625,123107,outside Q1 - 1.5 IQR or Q3 + 1.5 IQR; retained,0
thunderbird,8,3,5,"[2097152, 4194304]","[0.47265625, 0.6357421875]",2097152,0,CNTVCT_ticks/access,machines/thunderbird/followup-v1/capacity_control/aaf3b5a2265b8025/attempt-1788861449104685192/run.json,True,0.380859375,1000000,0.473290701171875,0.015582555421552298,0.47265625,0.4658203125,0.48046875,0.45703125,0.490234375,0.4404296875,4.111328125,8017,outside Q1 - 1.5 IQR or Q3 + 1.5 IQR; retained,0
thunderbird,8,4,5,"[8388608, 16777216]","[0.712890625, 0.7880859375]",8388608,0,CNTVCT_ticks/access,machines/thunderbird/followup-v1/capacity_control/90c0a6752e334b98/attempt-1788861299426857615/run.json,True,0.240234375,1000000,0.7133964111328125,0.0158714838665073,0.712890625,0.7080078125,0.7177734375,0.701171875,0.724609375,0.69140625,4.4775390625,10471,outside Q1 - 1.5 IQR or Q3 + 1.5 IQR; retained,0
thunderbird,8,5,5,"[33554432, 268435456]","[1.654296875, 2.26953125]",67108864,0,CNTVCT_ticks/access,machines/thunderbird/followup-v1/capacity_control/ca297ab800d5e121/attempt-1788861101633794583/run.json,True,1.265625,1000000,1.9798883056640626,0.04209964987633075,1.978515625,1.9560546875,2.001953125,1.923828125,2.0390625,1.826171875,5.6953125,11273,outside Q1 - 1.5 IQR or Q3 + 1.5 IQR; retained,0
thunderbird,64,1,5,"[1024, 65536]","[0.0341796875, 0.037109375]",8192,0,CNTVCT_ticks/access,machines/thunderbird/followup-v1/capacity_control/797963775ebcf0b8/attempt-1788861802809858144/run.json,,,1000000,0.034319037109375,0.0035492257726338614,0.0341796875,0.0341796875,0.0341796875,0.0341796875,0.03515625,0.0341796875,3.5205078125,133213,outside Q1 - 1.5 IQR or Q3 + 1.5 IQR; retained,0
thunderbird,64,2,5,"[131072, 1048576]","[0.11328125, 0.146484375]",262144,0,CNTVCT_ticks/access,machines/thunderbird/followup-v1/capacity_control/c63b549c2e93010f/attempt-1788861691664076272/run.json,True,0.0791015625,1000000,0.1134740244140625,0.004898643185868331,0.11328125,0.11328125,0.11328125,0.11328125,0.1142578125,0.1123046875,3.5322265625,172802,outside Q1 - 1.5 IQR or Q3 + 1.5 IQR; retained,0
thunderbird,64,3,5,"[2097152, 16777216]","[0.7802734375, 0.802734375]",4194304,0,CNTVCT_ticks/access,machines/thunderbird/followup-v1/capacity_control/5e4c86839c61bc66/attempt-1788861849315290751/run.json,True,0.6689453125,1000000,0.782517951171875,0.014873852281934413,0.7822265625,0.7802734375,0.7841796875,0.77734375,0.7861328125,0.7744140625,4.408203125,12365,outside Q1 - 1.5 IQR or Q3 + 1.5 IQR; retained,0
thunderbird,64,4,5,"[33554432, 67108864]","[1.724609375, 2.0419921875]",33554432,0,CNTVCT_ticks/access,machines/thunderbird/followup-v1/capacity_control/e88c087891ef6081/attempt-1788862155431146924/run.json,True,0.9423828125,1000000,1.7271563017578124,0.04415242300633343,1.724609375,1.7021484375,1.748046875,1.6728515625,1.7861328125,1.5830078125,5.7509765625,15443,outside Q1 - 1.5 IQR or Q3 + 1.5 IQR; retained,0
thunderbird,64,5,5,"[134217728, 268435456]","[2.2158203125, 2.3173828125]",134217728,0,CNTVCT_ticks/access,machines/thunderbird/followup-v1/capacity_control/b0b8e8604d212f9f/attempt-1788862053656129650/run.json,True,0.4912109375,1000000,2.21746873046875,0.04251045368255168,2.2158203125,2.193359375,2.2392578125,2.1630859375,2.2763671875,2.0673828125,6.0546875,12264,outside Q1 - 1.5 IQR or Q3 + 1.5 IQR; retained,0
skylark,8,1,5,"[1024, 32768]","[3.046875, 3.1875]",4096,0,TSC_ticks/access,machines/skylark/followup-v1/capacity_control/fbbff4de05c22abc/attempt-1788860324165689891/run.json,,,1000000,3.07062721875,1.3679153227630383,3.046875,3.046875,3.046875,3.046875,3.09375,3.046875,964.359375,249274,outside Q1 - 1.5 IQR or Q3 + 1.5 IQR; retained,0
skylark,8,2,5,"[65536, 524288]","[6.28125, 8.671875]",131072,0,TSC_ticks/access,machines/skylark/followup-v1/capacity_control/3ade86556c0224c1/attempt-1788860468177961826/run.json,True,4.59375,1000000,7.674642234375,1.6797047237499478,7.640625,7.59375,7.734375,7.453125,7.828125,7.171875,956.109375,16195,outside Q1 - 1.5 IQR or Q3 + 1.5 IQR; retained,0
skylark,8,3,5,"[1048576, 16777216]","[18.984375, 28.734375]",4194304,0,TSC_ticks/access,machines/skylark/followup-v1/capacity_control/21a64f78b9183ef8/attempt-1788860478407219607/run.json,True,18.328125,1000000,26.05888209375,6.9389972815830205,25.96875,25.734375,26.15625,25.453125,26.484375,24.65625,6195.84375,22631,outside Q1 - 1.5 IQR or Q3 + 1.5 IQR; retained,0
skylark,8,4,5,"[33554432, 67108864]","[158.671875, 218.109375]",33554432,1,TSC_ticks/access,machines/skylark/followup-v1/capacity_control/960ca831e3f1d88e/attempt-1788860559532111656/run.json,False,,1000000,158.888306625,6.514619851536855,158.671875,154.5,163.03125,148.6875,169.828125,129.9375,544.59375,10445,outside Q1 - 1.5 IQR or Q3 + 1.5 IQR; retained,0
skylark,8,5,5,"[134217728, 268435456]","[247.875, 264.890625]",134217728,0,TSC_ticks/access,machines/skylark/followup-v1/capacity_control/e945db151abab0b8/attempt-1788860382442094525/run.json,False,,1000000,248.255148515625,17.991176083685534,247.875,244.875,250.96875,240.515625,256.453125,226.3125,6531.515625,22139,outside Q1 - 1.5 IQR or Q3 + 1.5 IQR; retained,0
skylark,64,1,4,"[1024, 32768]","[3.046875, 3.65625]",4096,1,TSC_ticks/access,machines/skylark/followup-v1/capacity_control/3ce59bbd207d9f88/attempt-1788860748411121542/run.json,,,1000000,3.06364996875,0.20353415823477908,3.046875,3.046875,3.046875,3.046875,3.09375,3.046875,34.875,188263,outside Q1 - 1.5 IQR or Q3 + 1.5 IQR; retained,0
skylark,64,2,4,"[65536, 524288]","[7.21875, 9.09375]",131072,1,TSC_ticks/access,machines/skylark/followup-v1/capacity_control/e05f91aec0a120e8/attempt-1788860788660018609/run.json,True,5.296875,1000000,8.356172859375,0.38405276507311265,8.34375,8.25,8.390625,8.15625,8.484375,7.921875,41.859375,10370,outside Q1 - 1.5 IQR or Q3 + 1.5 IQR; retained,0
skylark,64,3,4,"[1048576, 16777216]","[23.296875, 29.953125]",4194304,1,TSC_ticks/access,machines/skylark/followup-v1/capacity_control/6ea2357076fac978/attempt-1788860767894490422/run.json,True,18.65625,1000000,27.070641328125,0.7803271717191348,27.0,26.859375,27.1875,26.625,27.375,26.15625,135.796875,13856,outside Q1 - 1.5 IQR or Q3 + 1.5 IQR; retained,0
skylark,64,4,4,"[33554432, 268435456]","[215.0625, 271.828125]",67108864,1,TSC_ticks/access,machines/skylark/followup-v1/capacity_control/16238961fa322996/attempt-1788860689173786305/run.json,True,218.671875,1000000,245.835638859375,4.931346720820529,245.671875,242.578125,248.8125,238.265625,253.921875,225.375,719.109375,16040,outside Q1 - 1.5 IQR or Q3 + 1.5 IQR; retained,0
artemisia,8,1,5,"[1024, 32768]","[5.25, 5.25]",4096,28,TSC_ticks/access,machines/artemisia/followup-v1/capacity_control/c09d93d285894e0f/attempt-1788862708557544963/run.json,,,1000000,5.2588746328125,0.48288913038682313,5.25,5.2421875,5.2578125,5.2265625,5.265625,5.1953125,83.2578125,5597,outside Q1 - 1.5 IQR or Q3 + 1.5 IQR; retained,0
artemisia,8,2,5,"[65536, 131072]","[8.6015625, 12.6328125]",65536,28,TSC_ticks/access,machines/artemisia/followup-v1/capacity_control/ec7dbe3dff88fabe/attempt-1788862905458491168/run.json,True,3.3515625,1000000,8.648891125,0.7405906794518184,8.6015625,8.4140625,8.8125,8.1796875,9.15625,7.5390625,78.671875,9147,outside Q1 - 1.5 IQR or Q3 + 1.5 IQR; retained,0
artemisia,8,3,5,"[262144, 2097152]","[14.453125, 16.1953125]",524288,28,TSC_ticks/access,machines/artemisia/followup-v1/capacity_control/eba5110c7b7a3e95/attempt-1788862881662117019/run.json,True,6.78125,1000000,15.4226418671875,1.084506597852942,15.3828125,15.2578125,15.5078125,15.0859375,15.6875,14.8359375,644.34375,5273,outside Q1 - 1.5 IQR or Q3 + 1.5 IQR; retained,0
artemisia,8,4,5,"[4194304, 16777216]","[44.9921875, 63.6796875]",8388608,28,TSC_ticks/access,machines/artemisia/followup-v1/capacity_control/2954d1eb029a24d0/attempt-1788862798204307052/run.json,True,41.6171875,1000000,57.2522792734375,85.24852574318872,57.0,56.015625,58.0078125,54.609375,59.4765625,50.59375,85263.34375,14191,outside Q1 - 1.5 IQR or Q3 + 1.5 IQR; retained,0
artemisia,8,5,5,"[33554432, 134217728]","[110.5390625, 225.9453125]",67108864,28,TSC_ticks/access,machines/artemisia/followup-v1/capacity_control/4c48a7e19ecb2469/attempt-1788862715514219858/run.json,True,128.9375,1000000,186.7655578984375,117.78107950025935,185.9375,181.4140625,190.65625,175.046875,198.8125,155.890625,47132.2109375,24440,outside Q1 - 1.5 IQR or Q3 + 1.5 IQR; retained,0
artemisia,64,1,4,"[1024, 32768]","[5.25, 5.25]",4096,28,TSC_ticks/access,machines/artemisia/followup-v1/capacity_control/dc71c055839ed13a/attempt-1788863132291095014/run.json,,,1000000,5.258905828125,0.48587672845159185,5.25,5.2421875,5.2578125,5.2265625,5.265625,5.1953125,73.6640625,5283,outside Q1 - 1.5 IQR or Q3 + 1.5 IQR; retained,0
artemisia,64,2,4,"[65536, 2097152]","[16.2265625, 16.484375]",262144,28,TSC_ticks/access,machines/artemisia/followup-v1/capacity_control/084e1a8165042782/attempt-1788863076042579426/run.json,True,11.0234375,1000000,16.3093955859375,0.9060393678243347,16.2734375,16.25,16.2890625,16.2265625,16.3125,16.140625,95.671875,6630,outside Q1 - 1.5 IQR or Q3 + 1.5 IQR; retained,0
artemisia,64,3,4,"[4194304, 16777216]","[67.078125, 68.5703125]",8388608,29,TSC_ticks/access,machines/artemisia/followup-v1/capacity_control/4e5459db007cf411/attempt-1788863255341742429/run.json,False,,1000000,67.2486189765625,2.229691398040708,67.078125,66.71875,67.4375,66.1953125,67.9765625,64.8125,608.296875,20467,outside Q1 - 1.5 IQR or Q3 + 1.5 IQR; retained,0
artemisia,64,4,4,"[33554432, 134217728]","[135.7578125, 248.328125]",67108864,28,TSC_ticks/access,machines/artemisia/followup-v1/capacity_control/e016255853e8975e/attempt-1788863093628527097/run.json,False,,1000000,212.4311838359375,121.69961710162289,211.5625,207.359375,215.9296875,201.3671875,223.96875,179.265625,54977.9296875,30187,outside Q1 - 1.5 IQR or Q3 + 1.5 IQR; retained,0
charnwood,8,1,5,"[1024, 32768]","[5.23046875, 5.37890625]",4096,2,TSC_ticks/access,machines/charnwood/followup-v1/capacity_control/fbbff4de05c22abc/attempt-1788861267894791535/run.json,,,1000000,5.26355923828125,0.7782371557151587,5.23046875,5.2265625,5.23828125,5.21875,5.24609375,5.20703125,106.02734375,24890,outside Q1 - 1.5 IQR or Q3 + 1.5 IQR; retained,0
charnwood,8,2,5,"[65536, 262144]","[10.984375, 14.57421875]",131072,0,TSC_ticks/access,machines/charnwood/followup-v1/capacity_control/3ade86556c0224c1/attempt-1788861443512038209/run.json,False,,1000000,13.441859171875,1.3596267549008603,13.29296875,13.11328125,13.5546875,12.95703125,14.11328125,12.84765625,160.796875,38335,outside Q1 - 1.5 IQR or Q3 + 1.5 IQR; retained,0
charnwood,8,3,5,"[524288, 4194304]","[31.65234375, 45.4296875]",1048576,2,TSC_ticks/access,machines/charnwood/followup-v1/capacity_control/0cde3b45f8c691d3/attempt-1788861676530691071/run.json,False,,1000000,38.77612921484375,2.2335061412279327,38.58203125,38.20703125,39.03125,37.5859375,39.6640625,33.34765625,189.47265625,20546,outside Q1 - 1.5 IQR or Q3 + 1.5 IQR; retained,0
charnwood,8,4,5,"[8388608, 33554432]","[163.265625, 278.6796875]",8388608,2,TSC_ticks/access,machines/charnwood/followup-v1/capacity_control/088f6b5d0cf5b408/attempt-1788861389145267861/run.json,True,124.68359375,1000000,164.8834709140625,10.72055187221173,163.265625,158.875,168.23828125,152.859375,181.80078125,111.44921875,463.828125,52387,outside Q1 - 1.5 IQR or Q3 + 1.5 IQR; retained,0
charnwood,8,5,5,"[67108864, 134217728]","[291.59375, 306.765625]",67108864,2,TSC_ticks/access,machines/charnwood/followup-v1/capacity_control/70d1a1662f4691e8/attempt-1788861273917023221/run.json,True,128.328125,1000000,293.34386765625,11.607717899678756,291.59375,289.5078125,293.75,286.46875,301.16015625,244.9296875,2854.53515625,56201,outside Q1 - 1.5 IQR or Q3 + 1.5 IQR; retained,0
charnwood,64,1,4,"[1024, 32768]","[5.23046875, 6.41015625]",4096,2,TSC_ticks/access,machines/charnwood/followup-v1/capacity_control/3ce59bbd207d9f88/attempt-1788862136934152622/run.json,,,1000000,5.261276703125,0.758460411474933,5.23046875,5.2265625,5.23828125,5.21484375,5.24609375,5.20703125,59.27734375,21055,outside Q1 - 1.5 IQR or Q3 + 1.5 IQR; retained,0
charnwood,64,2,4,"[65536, 262144]","[15.36328125, 15.921875]",131072,2,TSC_ticks/access,machines/charnwood/followup-v1/capacity_control/e05f91aec0a120e8/attempt-1788862233552326818/run.json,True,10.15234375,1000000,15.695776390625,1.425221437516519,15.3828125,15.3515625,15.79296875,15.32421875,16.28125,15.29296875,132.4609375,41183,outside Q1 - 1.5 IQR or Q3 + 1.5 IQR; retained,0
charnwood,64,3,4,"[524288, 4194304]","[37.78515625, 45.12109375]",1048576,2,TSC_ticks/access,machines/charnwood/followup-v1/capacity_control/405b552b17b228c3/attempt-1788862843577729965/run.json,True,26.7890625,1000000,42.39641094140625,2.229685158673251,42.171875,41.8984375,42.46484375,41.6640625,43.01171875,41.0546875,215.19140625,19550,outside Q1 - 1.5 IQR or Q3 + 1.5 IQR; retained,0
charnwood,64,4,4,"[16777216, 134217728]","[283.69921875, 308.50390625]",33554432,2,TSC_ticks/access,machines/charnwood/followup-v1/capacity_control/384df940a5840b5f/attempt-1788862762721995756/run.json,True,251.73046875,1000000,295.58380798046875,10.995070313641353,293.90234375,291.9375,295.94140625,289.02734375,305.2150390624997,236.26953125,2764.91015625,60112,outside Q1 - 1.5 IQR or Q3 + 1.5 IQR; retained,0
crux,8,1,5,"[1024, 32768]","[2.705078125, 2.791015625]",4096,2,TSC_ticks/access,machines/crux/followup-v1/capacity_control/fbbff4de05c22abc/attempt-1788860460759127412/run.json,,,1000000,2.72749986328125,1.1552514310036113,2.705078125,2.701171875,2.708984375,2.697265625,2.712890625,2.685546875,153.71875,15775,outside Q1 - 1.5 IQR or Q3 + 1.5 IQR; retained,0
crux,8,2,5,"[65536, 262144]","[5.6796875, 7.572265625]",131072,2,TSC_ticks/access,machines/crux/followup-v1/capacity_control/3ade86556c0224c1/attempt-1788860579285152962/run.json,True,4.162109375,1000000,7.0092272265625,1.8072601449696983,6.8671875,6.77734375,7.095703125,6.6875,7.498046875,6.630859375,159.80859375,37063,outside Q1 - 1.5 IQR or Q3 + 1.5 IQR; retained,0
crux,8,3,5,"[524288, 2097152]","[17.76953125, 24.765625]",1048576,2,TSC_ticks/access,machines/crux/followup-v1/capacity_control/0cde3b45f8c691d3/attempt-1788860677791222254/run.json,True,15.5859375,1000000,22.609674232421874,3.2620095755367973,22.453125,22.205078125,22.736328125,21.841796875,23.158203125,20.41015625,187.375,18552,outside Q1 - 1.5 IQR or Q3 + 1.5 IQR; retained,0
crux,8,4,5,"[4194304, 8388608]","[25.90625, 38.076171875]",4194304,2,TSC_ticks/access,machines/crux/followup-v1/capacity_control/21a64f78b9183ef8/attempt-1788860591716028467/run.json,True,3.453125,1000000,26.0762255234375,3.3931612645069356,25.90625,25.734375,26.083984375,25.478515625,26.3828125,24.966796875,198.62109375,21312,outside Q1 - 1.5 IQR or Q3 + 1.5 IQR; retained,0
crux,8,5,5,"[16777216, 268435456]","[156.3359375, 205.759765625]",67108864,2,TSC_ticks/access,machines/crux/followup-v1/capacity_control/70d1a1662f4691e8/attempt-1788860465083419909/run.json,True,170.765625,1000000,198.0293675605469,13.893352183364268,196.671875,194.8359375,198.650390625,192.244140625,203.33984375,184.134765625,1902.525390625,44642,outside Q1 - 1.5 IQR or Q3 + 1.5 IQR; retained,0
crux,64,1,5,"[1024, 32768]","[2.705078125, 3.03125]",4096,2,TSC_ticks/access,machines/crux/followup-v1/capacity_control/3ce59bbd207d9f88/attempt-1788860841521300288/run.json,,,1000000,2.728962080078125,1.1639473931489084,2.705078125,2.701171875,2.708984375,2.697265625,2.712890625,2.685546875,170.626953125,20243,outside Q1 - 1.5 IQR or Q3 + 1.5 IQR; retained,0
crux,64,2,5,"[65536, 262144]","[7.939453125, 8.25]",131072,2,TSC_ticks/access,machines/crux/followup-v1/capacity_control/e05f91aec0a120e8/attempt-1788860912329223930/run.json,True,5.244140625,1000000,8.17849697265625,1.9308357549428667,7.94921875,7.93359375,8.26171875,7.919921875,8.66015625,7.904296875,169.4453125,39747,outside Q1 - 1.5 IQR or Q3 + 1.5 IQR; retained,0
crux,64,3,5,"[524288, 4194304]","[21.916015625, 26.5078125]",1048576,2,TSC_ticks/access,machines/crux/followup-v1/capacity_control/405b552b17b228c3/attempt-1788861107863884995/run.json,True,16.75,1000000,24.847923392578124,3.2166938567318417,24.69921875,24.51953125,24.90234375,24.275390625,25.130859375,23.775390625,335.5078125,9318,outside Q1 - 1.5 IQR or Q3 + 1.5 IQR; retained,0
crux,64,4,5,"[8388608, 16777216]","[154.109375, 189.201171875]",8388608,2,TSC_ticks/access,machines/crux/followup-v1/capacity_control/822891cd20b6d691/attempt-1788860928256556984/run.json,True,129.41015625,1000000,155.35475590625,13.245001889938864,154.109375,150.9375,157.490234375,146.64453125,163.890625,132.71875,1821.828125,27523,outside Q1 - 1.5 IQR or Q3 + 1.5 IQR; retained,0
crux,64,5,5,"[33554432, 268435456]","[197.970703125, 206.275390625]",67108864,2,TSC_ticks/access,machines/crux/followup-v1/capacity_control/16238961fa322996/attempt-1788860799892313151/run.json,True,46.08203125,1000000,201.58294838867187,13.780578781759857,200.19140625,198.46484375,202.0703125,196.080078125,206.61328125,187.578125,2080.662109375,45781,outside Q1 - 1.5 IQR or Q3 + 1.5 IQR; retained,0
ookay,8,1,5,"[1024, 32768]","[3.640625, 3.7734375]",4096,2,TSC_ticks/access,machines/ookay/followup-v1/capacity_control/fbbff4de05c22abc/attempt-1788860761551825821/run.json,,,1000000,3.65633149609375,0.5396296527594496,3.640625,3.6328125,3.64453125,3.62890625,3.6484375,3.62109375,111.609375,15266,outside Q1 - 1.5 IQR or Q3 + 1.5 IQR; retained,0
ookay,8,2,5,"[65536, 262144]","[7.69140625, 10.43359375]",131072,2,TSC_ticks/access,machines/ookay/followup-v1/capacity_control/3ade86556c0224c1/attempt-1788860904092129819/run.json,True,5.7578125,1000000,9.53657205078125,1.0464374984733176,9.3984375,9.15234375,9.671875,9.015625,10.37109375,8.92578125,137.3203125,42977,outside Q1 - 1.5 IQR or Q3 + 1.5 IQR; retained,0
ookay,8,3,5,"[524288, 4194304]","[22.43359375, 32.62890625]",1048576,2,TSC_ticks/access,machines/ookay/followup-v1/capacity_control/0cde3b45f8c691d3/attempt-1788861026814333565/run.json,True,18.6875,1000000,28.17223753515625,1.4287520456868488,28.0859375,27.7890625,28.390625,27.36328125,28.875,25.66796875,152.84765625,14792,outside Q1 - 1.5 IQR or Q3 + 1.5 IQR; retained,0
ookay,8,4,5,"[8388608, 16777216]","[152.76171875, 203.92578125]",8388608,2,TSC_ticks/access,machines/ookay/followup-v1/capacity_control/088f6b5d0cf5b408/attempt-1788860854369739239/run.json,True,124.67578125,1000000,152.90864278125,7.23399068903372,152.76171875,149.17578125,156.375,143.859375,162.3984375,33.265625,340.3125,30367,outside Q1 - 1.5 IQR or Q3 + 1.5 IQR; retained,0
ookay,8,5,5,"[33554432, 268435456]","[222.0625, 237.0546875]",67108864,2,TSC_ticks/access,machines/ookay/followup-v1/capacity_control/70d1a1662f4691e8/attempt-1788860767122351729/run.json,True,75.10546875,1000000,228.62700683984374,4.736395667551733,227.8671875,226.33984375,229.60546875,224.2578125,233.54296875,213.78515625,450.83203125,43320,outside Q1 - 1.5 IQR or Q3 + 1.5 IQR; retained,0
ookay,64,1,4,"[1024, 32768]","[3.640625, 4.51953125]",4096,2,TSC_ticks/access,machines/ookay/followup-v1/capacity_control/3ce59bbd207d9f88/attempt-1788861201017232029/run.json,,,1000000,3.66205953515625,0.5314214877048775,3.640625,3.6328125,3.64453125,3.62890625,3.6484375,3.62109375,63.578125,32988,outside Q1 - 1.5 IQR or Q3 + 1.5 IQR; retained,0
ookay,64,2,4,"[65536, 262144]","[10.6953125, 11.296875]",131072,2,TSC_ticks/access,machines/ookay/followup-v1/capacity_control/e05f91aec0a120e8/attempt-1788861284042527343/run.json,True,7.41015625,1000000,11.10181905078125,1.039589831423433,11.05078125,10.6875,11.15625,10.6640625,11.9296875,10.63671875,72.37109375,62679,outside Q1 - 1.5 IQR or Q3 + 1.5 IQR; retained,0
ookay,64,3,4,"[524288, 4194304]","[27.45703125, 32.99609375]",1048576,2,TSC_ticks/access,machines/ookay/followup-v1/capacity_control/405b552b17b228c3/attempt-1788861498423828284/run.json,True,19.73828125,1000000,30.88924405078125,1.4188409211300659,30.7890625,30.6015625,30.97265625,30.34765625,31.3515625,29.7890625,171.13671875,22809,outside Q1 - 1.5 IQR or Q3 + 1.5 IQR; retained,0
ookay,64,4,4,"[8388608, 268435456]","[202.17578125, 237.38671875]",33554432,2,TSC_ticks/access,machines/ookay/followup-v1/capacity_control/384df940a5840b5f/attempt-1788861430334900943/run.json,True,197.58984375,1000000,229.0882268828125,4.488294904282772,228.37890625,226.8828125,230.0859375,224.87890625,233.9140625,217.51953125,442.69140625,42201,outside Q1 - 1.5 IQR or Q3 + 1.5 IQR; retained,0
upgrade,8,1,5,"[1024, 32768]","[2.939453125, 3.078125]",4096,5,TSC_ticks/access,machines/upgrade/followup-v1/capacity_control/fbbff4de05c22abc/attempt-1788860491492791677/run.json,,,1000000,3.102087126953125,0.44007357887376497,3.078125,3.07421875,3.08203125,3.068359375,3.197265625,3.05859375,83.07421875,63191,outside Q1 - 1.5 IQR or Q3 + 1.5 IQR; retained,0
upgrade,8,2,5,"[65536, 262144]","[6.171875, 8.2578125]",131072,5,TSC_ticks/access,machines/upgrade/followup-v1/capacity_control/3ade86556c0224c1/attempt-1788860609219862914/run.json,True,4.365234375,1000000,7.705769271484375,3.8337763860709684,7.443359375,7.359375,7.626953125,7.28515625,7.998046875,7.21484375,515.75390625,45783,outside Q1 - 1.5 IQR or Q3 + 1.5 IQR; retained,0
upgrade,8,3,5,"[524288, 2097152]","[19.595703125, 27.4765625]",1048576,5,TSC_ticks/access,machines/upgrade/followup-v1/capacity_control/0cde3b45f8c691d3/attempt-1788860704402873065/run.json,True,17.3125,1000000,25.301366076171874,6.640316121543148,24.755859375,24.4375,25.09375,24.025390625,25.525390625,22.525390625,177.296875,16416,outside Q1 - 1.5 IQR or Q3 + 1.5 IQR; retained,0
upgrade,8,4,5,"[4194304, 8388608]","[28.763671875, 57.765625]",4194304,5,TSC_ticks/access,machines/upgrade/followup-v1/capacity_control/21a64f78b9183ef8/attempt-1788860621459582060/run.json,True,4.0078125,1000000,29.518227271484374,7.49591373837433,28.763671875,28.49609375,29.11328125,28.16796875,29.810546875,27.48046875,188.322265625,33240,outside Q1 - 1.5 IQR or Q3 + 1.5 IQR; retained,0
upgrade,8,5,5,"[16777216, 268435456]","[141.033203125, 207.103515625]",67108864,5,TSC_ticks/access,machines/upgrade/followup-v1/capacity_control/70d1a1662f4691e8/attempt-1788860496138702184/run.json,True,167.611328125,1000000,200.84506804101562,21.841118689795067,196.375,194.619140625,198.8671875,192.322265625,212.4609375,184.29296875,704.02734375,89627,outside Q1 - 1.5 IQR or Q3 + 1.5 IQR; retained,0
upgrade,64,1,5,"[1024, 32768]","[2.939453125, 3.56640625]",4096,5,TSC_ticks/access,machines/upgrade/followup-v1/capacity_control/3ce59bbd207d9f88/attempt-1788860861074397048/run.json,,,1000000,3.019299033203125,2.476799485285456,2.939453125,2.935546875,2.943359375,2.931640625,2.94921875,2.92578125,121.728515625,27156,outside Q1 - 1.5 IQR or Q3 + 1.5 IQR; retained,0
upgrade,64,2,5,"[65536, 262144]","[8.796875, 8.8203125]",131072,5,TSC_ticks/access,machines/upgrade/followup-v1/capacity_control/e05f91aec0a120e8/attempt-1788860929009435729/run.json,True,5.876953125,1000000,9.013488734375,3.5315690663561097,8.81640625,8.6328125,8.9765625,8.611328125,9.36328125,8.595703125,161.220703125,38535,outside Q1 - 1.5 IQR or Q3 + 1.5 IQR; retained,0
upgrade,64,3,5,"[524288, 2097152]","[24.291015625, 26.818359375]",1048576,2,TSC_ticks/access,machines/upgrade/followup-v1/capacity_control/405b552b17b228c3/attempt-1788861174760550558/run.json,False,,1000000,26.122651740234375,6.661235430747013,25.57421875,25.37109375,25.81640625,25.189453125,26.314453125,24.767578125,1524.205078125,25404,outside Q1 - 1.5 IQR or Q3 + 1.5 IQR; retained,0
upgrade,64,4,5,"[4194304, 8388608]","[29.51953125, 31.2265625]",4194304,5,TSC_ticks/access,machines/upgrade/followup-v1/capacity_control/6ea2357076fac978/attempt-1788860906152654396/run.json,False,,1000000,30.0664060859375,6.237096803752287,29.51953125,29.21875,29.927734375,28.951171875,30.298828125,28.392578125,207.689453125,11842,outside Q1 - 1.5 IQR or Q3 + 1.5 IQR; retained,0
upgrade,64,5,5,"[16777216, 268435456]","[180.18359375, 207.71484375]",67108864,5,TSC_ticks/access,machines/upgrade/followup-v1/capacity_control/16238961fa322996/attempt-1788860821506010143/run.json,True,171.416015625,1000000,204.9470811328125,21.674237630482683,200.935546875,199.841796875,202.21875,198.353515625,212.822265625,192.439453125,1908.30078125,65624,outside Q1 - 1.5 IQR or Q3 + 1.5 IQR; retained,0
