host,family,record,status,mode,streams,seed,batch,cpu,unit,n,mean,stddev,median,q1,q3,p05,p95,outliers,flags,raw_sha256
sunbird,calibration,machines/sunbird/independent-load-v1/calibration/037f0b274cdbd2e9/attempt-1788928725329494567/run.json,passed,chase,4,5924101,4096,5,TSC_ticks/load,1000000,1.023387685546875,0.06462636403448502,1.0205078125,1.0205078125,1.021484375,1.0205078125,1.021484375,3209,,3786dce483bb06de6ecd1a5ca1ba74aa48c4e5b8899324097203d41aa95c1781
sunbird,calibration,machines/sunbird/independent-load-v1/calibration/44b6019a19a40346/attempt-1788928712846619208/run.json,passed,loop,1,5924101,4096,5,TSC_ticks/load,1000000,0.27752552734375,0.032951498346103385,0.27734375,0.2763671875,0.27734375,0.2763671875,0.27734375,492,,123e5aff59efd6f368fabc061721b417f47addb9ce9026a1afb193726b7acac5
sunbird,calibration,machines/sunbird/independent-load-v1/calibration/511efc2dfa06b8df/attempt-1788928715883209797/run.json,passed,chase,1,5924101,4096,5,TSC_ticks/load,1000000,4.028237233398437,0.12821335030838368,4.0185546875,4.017578125,4.0185546875,4.017578125,4.0185546875,11845,,b483d5c3313d508e5276b90ce65669e3bd97c9cb7210cbf59680ec741492ad06
sunbird,calibration,machines/sunbird/independent-load-v1/calibration/d445a2735c6b0cfc/attempt-1788928710249509921/run.json,passed,overhead,1,5924101,4096,5,TSC_ticks/interval,1000000,84.191244,34.074569444216706,84.0,84.0,84.0,84.0,84.0,2235,,edd842265eb755c8650423416e1b59ae799b563692b5e70b6fd75519a4aad05b
sunbird,comparison,machines/sunbird/independent-load-v1/comparison/097a1c22903250f2/attempt-1788928794879071950/run.json,noisy,chase,4,5924103,4096,5,TSC_ticks/load,1000000,1.0256137412109374,1.7792735233852632,1.0205078125,1.0205078125,1.021484375,1.0205078125,1.021484375,4160,frequent involuntary context switches,951fbb2a1af1f74654732c9413f8c2af26b35700b7b04b9a2adfb37a5f106477
sunbird,comparison,machines/sunbird/independent-load-v1/comparison/2899815d0b6a65a1/attempt-1788928743613770251/run.json,passed,chase,4,5924101,4096,5,TSC_ticks/load,1000000,1.0233764326171875,0.06546695698935777,1.0205078125,1.0205078125,1.021484375,1.0205078125,1.021484375,3095,,5d22ac39fc45caf065af961d2696fb8805103ad9f4f074a36c6b577d9aa2c722
sunbird,comparison,machines/sunbird/independent-load-v1/comparison/39e18bdd904491ce/attempt-1788928785387792075/run.json,passed,chase,1,5924103,4096,5,TSC_ticks/load,1000000,4.031589158203125,0.14413643414480637,4.021484375,4.021484375,4.021484375,4.0205078125,4.021484375,165468,,d30d5a65b578cd73b93566cc66fcc0b40e8fc07cdc5c79ebd1d219489462698f
sunbird,comparison,machines/sunbird/independent-load-v1/comparison/4031ce0ff10893f0/attempt-1788928748008852537/run.json,passed,chase,1,5924101,4096,5,TSC_ticks/load,1000000,4.027940044921875,0.12412735474976737,4.0185546875,4.017578125,4.0185546875,4.017578125,4.0185546875,10246,,e2d24a71868927a618cb542d92a74acdddd728313d75596e7f074aaa6fe2d061
sunbird,comparison,machines/sunbird/independent-load-v1/comparison/4e1294f70e769af0/attempt-1788928757506809291/run.json,passed,chase,1,5924102,4096,5,TSC_ticks/load,1000000,4.028561024414063,0.14182468049451039,4.0185546875,4.017578125,4.0185546875,4.017578125,4.0185546875,19861,,f5b7dc3145559252d099cfa4387642cc67b4b6123cef4d94749948c135f61898
sunbird,comparison,machines/sunbird/independent-load-v1/comparison/54ed2b266f7a94a9/attempt-1788928808633594486/run.json,passed,chase,4,5924103,4096,7,TSC_ticks/load,1000000,1.024030001953125,0.06080676845883361,1.021484375,1.021484375,1.021484375,1.021484375,1.021484375,6800,,ae0a7accbea605c276dbdccff4949d0ce29de6343127bc97af95ca30f36b81e5
sunbird,comparison,machines/sunbird/independent-load-v1/comparison/687ba779c0c86b56/attempt-1788928799324383738/run.json,passed,chase,1,5924103,4096,7,TSC_ticks/load,1000000,4.027529890625,0.11629676257534724,4.0185546875,4.017578125,4.0185546875,4.017578125,4.0185546875,6935,,00e0b5a0551eab3154e997072fb95655171d6b4bf20e03416467ac5583766922
sunbird,comparison,machines/sunbird/independent-load-v1/comparison/7c4b52a3911e1e5e/attempt-1788928817258251500/run.json,passed,chase,1,5924103,4096,7,TSC_ticks/load,1000000,4.028076913085937,0.12092659057580091,4.0185546875,4.017578125,4.0185546875,4.017578125,4.0185546875,17596,,6bc92ecfd871281d0fa668ce6b5497a2d0fd281b09430417ce839db263e46aad
sunbird,comparison,machines/sunbird/independent-load-v1/comparison/98fe8851d5b49f3b/attempt-1788928729682121902/run.json,passed,chase,1,5924101,4096,5,TSC_ticks/load,1000000,4.028880780273438,0.37886296031148814,4.0185546875,4.017578125,4.0185546875,4.017578125,4.0185546875,17388,,7d331bd2a31cb7bccbaa48a243b0849354daa63b55791b26ce16349cbcc87761
sunbird,comparison,machines/sunbird/independent-load-v1/comparison/9b7c125a29a51b90/attempt-1788928767254531165/run.json,passed,chase,4,5924102,4096,5,TSC_ticks/load,1000000,1.023335443359375,0.06335262542418928,1.0205078125,1.0205078125,1.021484375,1.0205078125,1.021484375,2784,,df7c71de38dc26dff798990b14b50516025d2a29d19cd8c40534abe4994c63f6
sunbird,comparison,machines/sunbird/independent-load-v1/comparison/a9ad2e39352d03a8/attempt-1788928812893699507/run.json,passed,chase,4,5924103,4096,7,TSC_ticks/load,1000000,1.023356033203125,0.06096675351602624,1.0205078125,1.0205078125,1.021484375,1.0205078125,1.021484375,5030,,9923b4c662c1fbc3d4ba57defaebdf2e6a25af74f613df40d58c0777adff4689
sunbird,comparison,machines/sunbird/independent-load-v1/comparison/ac51a66fec63c2e3/attempt-1788928739284731199/run.json,passed,chase,4,5924101,4096,5,TSC_ticks/load,1000000,1.0234634150390625,0.066286261514072,1.0205078125,1.0205078125,1.021484375,1.0205078125,1.021484375,5422,,65ca76f1bf6c0b45d269626a8d7ea10d163bb5729c9cd184f3a53ce637f18b32
sunbird,comparison,machines/sunbird/independent-load-v1/comparison/aef35aa059820215/attempt-1788928771552456058/run.json,passed,chase,4,5924102,4096,5,TSC_ticks/load,1000000,1.0236092744140626,0.06374263454402809,1.021484375,1.0205078125,1.021484375,1.0205078125,1.021484375,5587,,9d06c85a630bdae37166f8a961c02cd1de2ff70677e22e5beecc3055e102087b
sunbird,comparison,machines/sunbird/independent-load-v1/comparison/b8271f9eb2c0e80a/attempt-1788928775890672213/run.json,passed,chase,1,5924102,4096,5,TSC_ticks/load,1000000,4.0279755625,0.12466288258773467,4.0185546875,4.017578125,4.0185546875,4.017578125,4.0185546875,14182,,fb733849d9dd0db699cdbcbd3bedec1133bba2d549e227342b7887f8985f2329
sunbird,smoke,machines/sunbird/independent-load-v1/smoke/39f614551be5e15f/attempt-1788928652272498698/run.json,passed,chase,1,5924101,4096,3,TSC_ticks/load,2048,4.030452728271484,0.1310108549332025,4.0185546875,4.0185546875,4.01953125,4.0185546875,4.01953125,57,,203120e7cc326bca2c33f89b363d65d484363da406273a2a1861335e885d704f
sunbird,smoke,machines/sunbird/independent-load-v1/smoke/6473570af8cb0465/attempt-1788928654469456961/run.json,passed,chase,4,5924101,4096,3,TSC_ticks/load,2048,1.0243191719055176,0.05761473200656688,1.021484375,1.0205078125,1.021484375,1.0205078125,1.021484375,66,,9c6555e494ae00684970bdd9ef5d9ac38b9c5200038fd337b45fcc073c96afc2
sunbird,smoke,machines/sunbird/independent-load-v1/smoke/b72263ef8b47f50f/attempt-1788928656618555079/run.json,passed,overhead,1,5924101,4096,3,TSC_ticks/interval,2048,84.4453125,15.956123813505886,84.0,84.0,84.0,84.0,84.0,27,,1050761c919723b8dc52c12ade747dc897feeac2e5fce4e270e4cfa5e1089e6b
sunbird,smoke,machines/sunbird/independent-load-v1/smoke/c13b49eaf75b5c13/attempt-1788928658766710132/run.json,passed,loop,1,5924101,4096,3,TSC_ticks/load,2048,0.27722835540771484,0.003934142759734406,0.27734375,0.27734375,0.27734375,0.2763671875,0.27734375,484,,9fa288611cce1db3f951111cc4ff8eacafda66fe68c7d95aa441a8d0d0312a1a
thunderbird,calibration,machines/thunderbird/independent-load-v1/calibration/037f0b274cdbd2e9/attempt-1788928724612079407/run.json,noisy,chase,4,5924101,4096,0,CNTVCT_ticks/load,1000000,0.008635346923828125,0.0016406432391332328,0.008544921875,0.008544921875,0.0087890625,0.008544921875,0.0087890625,172,frequent involuntary context switches,3a2475b22b0322da3490a1ad72d5b2fe49d7bd3087ef3031d4f29651572c191e
thunderbird,calibration,machines/thunderbird/independent-load-v1/calibration/39674ad348edf8a9/attempt-1788928732013457139/run.json,passed,loop,1,5924101,4096,1,CNTVCT_ticks/load,1000000,0.0023941640625,0.0005331728844251436,0.00244140625,0.00244140625,0.00244140625,0.002197265625,0.00244140625,199573,,353ddd43d120e822871890996220efceca05231f47e5ec29f5755f27a1721137
thunderbird,calibration,machines/thunderbird/independent-load-v1/calibration/44b6019a19a40346/attempt-1788928712169020864/run.json,passed,loop,1,5924101,4096,3,CNTVCT_ticks/load,1000000,0.00239378466796875,0.0004590134574269365,0.00244140625,0.00244140625,0.00244140625,0.002197265625,0.00244140625,199849,,797f31beaebdec9c281b6b8bc3f9b5cd25a11a410eb8b10527ff57ada3329dc5
thunderbird,calibration,machines/thunderbird/independent-load-v1/calibration/511efc2dfa06b8df/attempt-1788928715683864761/run.json,noisy,chase,1,5924101,4096,3,CNTVCT_ticks/load,1000000,0.0336159375,0.001173149786667332,0.03369140625,0.033447265625,0.03369140625,0.033447265625,0.03369140625,581,frequent involuntary context switches,9dfa9b5803fbeb8d4b6fcc7f3419f8c52576d90ae8db7b69915692b241582603
thunderbird,calibration,machines/thunderbird/independent-load-v1/calibration/6c74514be0b24c3f/attempt-1788928735447930144/run.json,passed,chase,1,5924101,4096,1,CNTVCT_ticks/load,1000000,0.03361991186523437,0.001369386889931837,0.03369140625,0.033447265625,0.03369140625,0.033447265625,0.03369140625,582,,18c27f3b464b4a274b3102f694c55ef08badff2fb0b9a157c95c8066c3f7bbca
thunderbird,calibration,machines/thunderbird/independent-load-v1/calibration/c4e520b28d160f03/attempt-1788928744003879532/run.json,passed,chase,4,5924101,4096,1,CNTVCT_ticks/load,1000000,0.008631199951171875,0.0008470892706432555,0.008544921875,0.008544921875,0.0087890625,0.008544921875,0.0087890625,159,,4ba1ca9a4e10873a0c4c597de77816c58d135eae8e856ed9e137660dda5b9363
thunderbird,calibration,machines/thunderbird/independent-load-v1/calibration/d445a2735c6b0cfc/attempt-1788928709591650910/run.json,passed,overhead,1,5924101,4096,3,CNTVCT_ticks/interval,1000000,1.033563,0.21662080222262117,1.0,1.0,1.0,1.0,1.0,33522,,367a5919a7e9545d5c77c26edded35689de80307dafcb602670297ae0b69e847
thunderbird,calibration,machines/thunderbird/independent-load-v1/calibration/fa120c31508d38c9/attempt-1788928729447549986/run.json,passed,overhead,1,5924101,4096,1,CNTVCT_ticks/interval,1000000,1.033857,0.26218080076499173,1.0,1.0,1.0,1.0,1.0,33581,,eaad9f644d5d654bd9b8cbb237b67ba59cda0b045a215711ee8e5cfd9dca70b4
thunderbird,comparison,machines/thunderbird/independent-load-v1/comparison/097a1c22903250f2/attempt-1788928837060469554/run.json,noisy,chase,4,5924103,4096,1,CNTVCT_ticks/load,1000000,0.008625510009765625,0.001282077704062312,0.008544921875,0.008544921875,0.0087890625,0.008544921875,0.0087890625,153,frequent involuntary context switches,587a3498470909556a3b6e045089b7a350888a7e07ab95f539f4d757d3a172bf
thunderbird,comparison,machines/thunderbird/independent-load-v1/comparison/26168ef12a4fc427/attempt-1788928802171656947/run.json,passed,chase,1,5924102,4096,1,CNTVCT_ticks/load,1000000,0.03360452172851563,0.002842119636771275,0.03369140625,0.033447265625,0.03369140625,0.033447265625,0.03369140625,567,,469e2885942cf50af7def15794bc124162bf25ef53d761eb074ba66706f979e2
thunderbird,comparison,machines/thunderbird/independent-load-v1/comparison/2899815d0b6a65a1/attempt-1788928762143084666/run.json,noisy,chase,4,5924101,4096,1,CNTVCT_ticks/load,1000000,0.008646158935546875,0.024774918200780257,0.008544921875,0.008544921875,0.0087890625,0.008544921875,0.0087890625,149,frequent involuntary context switches,6064f876775c4de1d5988466b65c34bb28b227d697eca6676efa9ca23d244ace
thunderbird,comparison,machines/thunderbird/independent-load-v1/comparison/39e18bdd904491ce/attempt-1788928828364832841/run.json,passed,chase,1,5924103,4096,1,CNTVCT_ticks/load,1000000,0.033623126953125,0.02017566258392693,0.03369140625,0.033447265625,0.03369140625,0.033447265625,0.03369140625,571,,54da00021267e7a70aa975fb6a9a95621b9788a0c72e01cd22635cc105b0c26e
thunderbird,comparison,machines/thunderbird/independent-load-v1/comparison/4031ce0ff10893f0/attempt-1788928766714796045/run.json,passed,chase,1,5924101,4096,1,CNTVCT_ticks/load,1000000,0.033622827392578124,0.020207835020650815,0.03369140625,0.033447265625,0.03369140625,0.033447265625,0.03369140625,572,,7b7b7459732bb938c8899806d11dbfeb6e565880fb69d4d5987067cbaee56227
thunderbird,comparison,machines/thunderbird/independent-load-v1/comparison/4e1294f70e769af0/attempt-1788928788863361592/run.json,passed,chase,1,5924102,4096,1,CNTVCT_ticks/load,1000000,0.0336012705078125,0.0009951948988696088,0.03369140625,0.033447265625,0.03369140625,0.033447265625,0.03369140625,571,,79f000723baf6ae7ea8feca7c5c22cfd9c94ad2c0020c2d57232fb064a128ec7
thunderbird,comparison,machines/thunderbird/independent-load-v1/comparison/54ed2b266f7a94a9/attempt-1788928850316039014/run.json,noisy,chase,4,5924103,4096,1,CNTVCT_ticks/load,1000000,0.008623757568359374,0.0010393801213930995,0.008544921875,0.008544921875,0.0087890625,0.008544921875,0.0087890625,153,frequent involuntary context switches,c4952896ad3c7c069cd105073fa74e2bd59192367c7f4075c67cee29a85e8923
thunderbird,comparison,machines/thunderbird/independent-load-v1/comparison/5b00283720cdb052/attempt-1788928780025259841/run.json,passed,chase,1,5924101,4096,1,CNTVCT_ticks/load,1000000,0.03360981591796875,0.0011583169782834505,0.03369140625,0.033447265625,0.03369140625,0.033447265625,0.03369140625,570,,02581f2444284ad25f4426952dcf47273b7dd88839ef7c866b1f3b2102a50477
thunderbird,comparison,machines/thunderbird/independent-load-v1/comparison/687ba779c0c86b56/attempt-1788928841746679653/run.json,noisy,chase,1,5924103,4096,1,CNTVCT_ticks/load,1000000,0.033618849609375,0.0038105707956996165,0.03369140625,0.033447265625,0.03369140625,0.033447265625,0.03369140625,605,frequent involuntary context switches,73642f8bb1b18e73d89971418eb0fb9bca8602be6beebf8216bc2bd93c29c284
thunderbird,comparison,machines/thunderbird/independent-load-v1/comparison/7c4b52a3911e1e5e/attempt-1788928873239950984/run.json,passed,chase,1,5924103,4096,1,CNTVCT_ticks/load,1000000,0.03361081982421875,0.00127060466186744,0.03369140625,0.033447265625,0.03369140625,0.033447265625,0.03369140625,573,,d34c2b3fcb25a3f9b38a501218c3fa58813bad0ee6b5e53f0455fef3e7a74311
thunderbird,comparison,machines/thunderbird/independent-load-v1/comparison/98fe8851d5b49f3b/attempt-1788928748765771180/run.json,passed,chase,1,5924101,4096,1,CNTVCT_ticks/load,1000000,0.03361015283203125,0.0011239249612208727,0.03369140625,0.033447265625,0.03369140625,0.033447265625,0.03369140625,573,,87ddb13a5332b7e69391bd6445b245f483ae66aff5669348d86755dbafc43340
thunderbird,comparison,machines/thunderbird/independent-load-v1/comparison/9b7c125a29a51b90/attempt-1788928797504830074/run.json,noisy,chase,4,5924102,4096,1,CNTVCT_ticks/load,1000000,0.00862613671875,0.0014996898195072262,0.008544921875,0.008544921875,0.0087890625,0.008544921875,0.0087890625,167,frequent involuntary context switches,67c5dfa42d97ce3c99b1f4706a5b1e90e426149e04d00436486b005ea3c842a6
thunderbird,comparison,machines/thunderbird/independent-load-v1/comparison/a9ad2e39352d03a8/attempt-1788928868462192903/run.json,passed,chase,4,5924103,4096,1,CNTVCT_ticks/load,1000000,0.008625078369140626,0.0009709598850380463,0.008544921875,0.008544921875,0.0087890625,0.008544921875,0.0087890625,157,,af08488fa49590064dc84cc6bfa78008a8771efce066b5332cb39078e6dbd802
thunderbird,comparison,machines/thunderbird/independent-load-v1/comparison/ac51a66fec63c2e3/attempt-1788928757508716597/run.json,passed,chase,4,5924101,4096,1,CNTVCT_ticks/load,1000000,0.008621402587890625,0.0007403291922424587,0.008544921875,0.008544921875,0.0087890625,0.008544921875,0.0087890625,154,,96028e92effbde7c6cb6b0e491488303d6cb717f7387c5dc46b488e676244a25
thunderbird,comparison,machines/thunderbird/independent-load-v1/comparison/aef35aa059820215/attempt-1788928815168325135/run.json,passed,chase,4,5924102,4096,1,CNTVCT_ticks/load,1000000,0.008620957275390626,0.0007995368864472909,0.008544921875,0.008544921875,0.0087890625,0.008544921875,0.0087890625,148,,bb2437bafb697bfe15bdb7c42c2178a1e850de86417bca68ff16fd4bb43e876e
thunderbird,comparison,machines/thunderbird/independent-load-v1/comparison/af4d095a3047be9b/attempt-1788928775364987288/run.json,passed,chase,4,5924101,4096,1,CNTVCT_ticks/load,1000000,0.008621669189453125,0.0007251544351697863,0.008544921875,0.008544921875,0.0087890625,0.008544921875,0.0087890625,144,,9b8d92ad1f23334b8883c2605d725e9b203172149897c90f07f259e1344b5b09
thunderbird,comparison,machines/thunderbird/independent-load-v1/comparison/b79582f7eb2d8b1b/attempt-1788928854986014589/run.json,passed,chase,1,5924103,4096,1,CNTVCT_ticks/load,1000000,0.03361351684570312,0.0017715837027971989,0.03369140625,0.033447265625,0.03369140625,0.033447265625,0.03369140625,576,,42eaba4ae2b3eef5381cfe58579f89f7f41214e819c005bc70e0dc066b20c165
thunderbird,comparison,machines/thunderbird/independent-load-v1/comparison/b8271f9eb2c0e80a/attempt-1788928819636440818/run.json,passed,chase,1,5924102,4096,1,CNTVCT_ticks/load,1000000,0.0336117646484375,0.0015810668581098222,0.03369140625,0.033447265625,0.03369140625,0.033447265625,0.03369140625,565,,3fde7eba9c15cf210db629debf68e48b31fde1d76c2ed91256eed2a565cd49b5
thunderbird,comparison,machines/thunderbird/independent-load-v1/comparison/ca582a66ce420eb4/attempt-1788928863698830866/run.json,passed,chase,4,5924103,4096,1,CNTVCT_ticks/load,1000000,0.008624903076171876,0.001098784481989084,0.008544921875,0.008544921875,0.0087890625,0.008544921875,0.0087890625,155,,be4462b210d8850fe18ac1de89ebffbc6b8bdcdccadd046b27ed4da9ecece9c6
thunderbird,comparison,machines/thunderbird/independent-load-v1/comparison/e3a0766061ae68b3/attempt-1788928810705961213/run.json,passed,chase,4,5924102,4096,1,CNTVCT_ticks/load,1000000,0.008620292724609376,0.0003767389636086771,0.008544921875,0.008544921875,0.0087890625,0.008544921875,0.0087890625,145,,2fae927d3d5bca4bdfdbafde2d2137083b6d77cd1adbb0b3c51fcbc588bd8322
thunderbird,smoke,machines/thunderbird/independent-load-v1/smoke/39f614551be5e15f/attempt-1788928652814067467/run.json,passed,chase,1,5924101,4096,0,CNTVCT_ticks/load,2048,0.03359997272491455,0.000272583868586652,0.03369140625,0.033447265625,0.03369140625,0.033447265625,0.03369140625,1,,2a01166f310f19d9a6cf7ed47dfa77eab070e1b93dc650f90f0372b032a48771
thunderbird,smoke,machines/thunderbird/independent-load-v1/smoke/6473570af8cb0465/attempt-1788928654978442798/run.json,passed,chase,4,5924101,4096,0,CNTVCT_ticks/load,2048,0.008618831634521484,0.00011219567171214669,0.008544921875,0.008544921875,0.0087890625,0.008544921875,0.0087890625,0,,75b5d557ae1070a3c7d70eb20d4227e2edd40eb2581dbe989b683c986503ed33
thunderbird,smoke,machines/thunderbird/independent-load-v1/smoke/b72263ef8b47f50f/attempt-1788928657142546289/run.json,passed,overhead,1,5924101,4096,0,CNTVCT_ticks/interval,2048,1.033203125,0.18191591155367498,1.0,1.0,1.0,1.0,1.0,67,,27a25bda136eb1a3767a9aceec1ca6a03faaba61d221d8f8d1951f3bc71b2999
thunderbird,smoke,machines/thunderbird/independent-load-v1/smoke/c13b49eaf75b5c13/attempt-1788928659305996500/run.json,passed,loop,1,5924101,4096,0,CNTVCT_ticks/load,2048,0.0024300813674926758,0.00023011711441924419,0.00244140625,0.00244140625,0.00244140625,0.002197265625,0.00244140625,140,,7dd6f0b594d3a4dfa5171295ab2d39994688ef3046a6382a6eeb4ef5cce36d27
skylark,calibration,machines/skylark/independent-load-v1/calibration/037f0b274cdbd2e9/attempt-1788928720060787946/run.json,passed,chase,4,5924101,4096,3,TSC_ticks/load,1000000,0.75199958203125,0.04864475186576166,0.75,0.744140625,0.75,0.744140625,0.75,13620,,7e4611557241ae61080374a2d4d02c537b60965df48d6c176ad59721a4d05232
skylark,calibration,machines/skylark/independent-load-v1/calibration/44b6019a19a40346/attempt-1788928709662659805/run.json,passed,loop,1,5924101,4096,3,TSC_ticks/load,1000000,0.206596640625,0.02459102811361754,0.205078125,0.205078125,0.205078125,0.205078125,0.2109375,180572,,2bf3c76989d62566c9725cd5eb8ec56641c0f25ee61899aab7288a4f40e04fb9
skylark,calibration,machines/skylark/independent-load-v1/calibration/511efc2dfa06b8df/attempt-1788928712435863086/run.json,passed,chase,1,5924101,4096,3,TSC_ticks/load,1000000,2.940274546875,0.12002051563879099,2.9296875,2.9296875,2.9296875,2.923828125,2.9296875,253223,,51a8f3ca78f7b8713b1f41077ae055860366fbfa979bae97bb61b9d64e736169
skylark,calibration,machines/skylark/independent-load-v1/calibration/d445a2735c6b0cfc/attempt-1788928707220690823/run.json,passed,overhead,1,5924101,4096,3,TSC_ticks/interval,1000000,94.765608,32.90328687253939,96.0,96.0,96.0,72.0,96.0,61827,,5aeed9b119b907d9b83acef0100c533c6ac254bc47ce1a6d5280eed8aa16eac0
skylark,comparison,machines/skylark/independent-load-v1/comparison/097a1c22903250f2/attempt-1788928777587662078/run.json,passed,chase,4,5924103,4096,3,TSC_ticks/load,1000000,0.752104998046875,0.04656035810139644,0.75,0.744140625,0.75,0.744140625,0.75,15144,,b44f6bd4c22cf5009f90e9c137c1abbbc7252f34ba371c1726266ae94a6ab140
skylark,comparison,machines/skylark/independent-load-v1/comparison/2899815d0b6a65a1/attempt-1788928735365277256/run.json,passed,chase,4,5924101,4096,3,TSC_ticks/load,1000000,0.752954578125,0.05111748841454696,0.75,0.744140625,0.75,0.744140625,0.75,18656,,572ac15641b5680ac9c67225b1124902ce5fe476ed6ab43fcaab736971a342d3
skylark,comparison,machines/skylark/independent-load-v1/comparison/39e18bdd904491ce/attempt-1788928769867854709/run.json,passed,chase,1,5924103,4096,3,TSC_ticks/load,1000000,2.94581225390625,0.12587245298189972,2.9296875,2.9296875,2.9296875,2.923828125,2.9296875,252613,,7d4b7b6b10e5fb1482f3c7a6599661754ee2cfc24cb249d8d2bc12ec3e9c7426
skylark,comparison,machines/skylark/independent-load-v1/comparison/4031ce0ff10893f0/attempt-1788928739234645277/run.json,passed,chase,1,5924101,4096,3,TSC_ticks/load,1000000,2.943533115234375,0.14397923328090909,2.9296875,2.9296875,2.9296875,2.923828125,2.9296875,252086,,b0abdca08296acec51ee80431477c97dfd822304312acb4c52f7d3d1952fca9a
skylark,comparison,machines/skylark/independent-load-v1/comparison/4e1294f70e769af0/attempt-1788928746874989872/run.json,passed,chase,1,5924102,4096,3,TSC_ticks/load,1000000,2.943559259765625,0.1418087876065941,2.9296875,2.9296875,2.9296875,2.923828125,2.9296875,257600,,7937f8f0fb94524b077742260b6ad2cfca1bb8aad33e5598b61edf3ab6e0eec8
skylark,comparison,machines/skylark/independent-load-v1/comparison/7c4b52a3911e1e5e/attempt-1788928785252702583/run.json,passed,chase,1,5924103,4096,3,TSC_ticks/load,1000000,2.944279224609375,0.1210460179650923,2.9296875,2.9296875,2.9296875,2.923828125,2.9296875,259093,,3a98b92dd3f3ef02d5c94235745a18107859e7b5aa8cfc301c515ebbe6f59caa
skylark,comparison,machines/skylark/independent-load-v1/comparison/98fe8851d5b49f3b/attempt-1788928723882127659/run.json,passed,chase,1,5924101,4096,3,TSC_ticks/load,1000000,2.94316601953125,0.11985366699994918,2.9296875,2.9296875,2.9296875,2.923828125,2.9296875,257100,,4b0e68b6760846a79e1029158727d542e3a50d0cc04dd011d44129c1ca2f4ebb
skylark,comparison,machines/skylark/independent-load-v1/comparison/9b7c125a29a51b90/attempt-1788928754532613886/run.json,passed,chase,4,5924102,4096,3,TSC_ticks/load,1000000,0.751320802734375,0.04932469590608519,0.75,0.744140625,0.75,0.744140625,0.75,10318,,f76898bea89899b7522fa25b2439964cc0b33c6a4319246c322b36f1c85cc4b4
skylark,comparison,machines/skylark/independent-load-v1/comparison/a9ad2e39352d03a8/attempt-1788928781413623193/run.json,passed,chase,4,5924103,4096,3,TSC_ticks/load,1000000,0.7521890625,0.05545770155697442,0.75,0.75,0.75,0.744140625,0.75,241400,,6fbf3bb7eac3a55f465b5e6397571db8b9def721a15e504a1123897b25fc0098
skylark,comparison,machines/skylark/independent-load-v1/comparison/ac51a66fec63c2e3/attempt-1788928731522540391/run.json,passed,chase,4,5924101,4096,3,TSC_ticks/load,1000000,0.753017841796875,0.05056530908935751,0.75,0.75,0.75,0.744140625,0.755859375,230442,,2bbe1756c1654d0c24ef8d3156b23d01d1a845c5bab600d3bef2e4d03088f8da
skylark,comparison,machines/skylark/independent-load-v1/comparison/aef35aa059820215/attempt-1788928758345314630/run.json,passed,chase,4,5924102,4096,3,TSC_ticks/load,1000000,0.753950607421875,0.04889734452976003,0.75,0.75,0.75,0.744140625,0.75,197972,,2774ebe3bf046055dbaec6b0542015cc358a2f5a4ddd95f594abad5d33c19c7f
skylark,comparison,machines/skylark/independent-load-v1/comparison/b8271f9eb2c0e80a/attempt-1788928762157688976/run.json,passed,chase,1,5924102,4096,3,TSC_ticks/load,1000000,2.945768138671875,0.1270381084372245,2.9296875,2.9296875,2.9296875,2.923828125,2.9296875,260682,,f98f8f8a19204a6ab855735e43551671d0359580f3e4b09749f5e4490e8a0566
skylark,smoke,machines/skylark/independent-load-v1/smoke/39f614551be5e15f/attempt-1788928650280463006/run.json,passed,chase,1,5924101,4096,1,TSC_ticks/load,2048,2.9333152770996094,0.0697709591448484,2.9296875,2.9296875,2.9296875,2.923828125,2.9296875,514,,dac4c939301696ed497f57f42aec1168f1a93313505458376f10da9e870dc83b
skylark,smoke,machines/skylark/independent-load-v1/smoke/6473570af8cb0465/attempt-1788928652413923167/run.json,passed,chase,4,5924101,4096,1,TSC_ticks/load,2048,0.7515478134155273,0.035091807788536995,0.75,0.75,0.75,0.744140625,0.75,386,,1d0ec36a672802177ccf9d292b2d1f17867d601c3ba938dd8b99fc617b5fb7b4
skylark,smoke,machines/skylark/independent-load-v1/smoke/b72263ef8b47f50f/attempt-1788928654545501181/run.json,passed,overhead,1,5924101,4096,1,TSC_ticks/interval,2048,95.0625,31.902085176255532,96.0,96.0,96.0,72.0,96.0,140,,c9ef5988364b9bf3b089e316615fefedc693062ce5f64aae5ee347fcf662566c
skylark,smoke,machines/skylark/independent-load-v1/smoke/c13b49eaf75b5c13/attempt-1788928656678095518/run.json,passed,loop,1,5924101,4096,1,TSC_ticks/load,2048,0.20666885375976562,0.026647897612138857,0.205078125,0.205078125,0.205078125,0.205078125,0.2109375,319,,ff4289fdc894aa9cbd993fd52f58b424b8e68dee0593bd27a863bb141164c885
artemisia,calibration,machines/artemisia/independent-load-v1/calibration/037f0b274cdbd2e9/attempt-1788928746526824600/run.json,passed,chase,4,5924101,4096,5,TSC_ticks/load,1000000,1.2726456162109374,0.0708151662778487,1.26904296875,1.267578125,1.2705078125,1.26611328125,1.2724609375,7712,,b431bedc0fd5b6098a2bef72b037dec78bcebb0f23066b5a0c159debbc2bdd3b
artemisia,calibration,machines/artemisia/independent-load-v1/calibration/39674ad348edf8a9/attempt-1788928761573276767/run.json,passed,loop,1,5924101,4096,5,TSC_ticks/load,1000000,0.2777416904296875,0.0325812830824062,0.275390625,0.27490234375,0.27587890625,0.2744140625,0.28466796875,185444,,e36227abbab7497821845f3f4d201e1d5411fbef80cc09eb59d0395955027931
artemisia,calibration,machines/artemisia/independent-load-v1/calibration/44b6019a19a40346/attempt-1788928715178392967/run.json,passed,loop,1,5924101,4096,4,TSC_ticks/load,1000000,0.28383837158203123,0.05404010195346377,0.275390625,0.27490234375,0.2763671875,0.27392578125,0.28564453125,207952,,312ecb1c6f402bf15299af08576f7a21af2f5221dec7762fed78eee549c814f6
artemisia,calibration,machines/artemisia/independent-load-v1/calibration/511efc2dfa06b8df/attempt-1788928724474739940/run.json,noisy,chase,1,5924101,4096,4,TSC_ticks/load,1000000,5.042872658203125,0.1931987152440743,5.02685546875,5.02099609375,5.03271484375,5.017578125,5.037109375,28212,SMT sibling became busy,f6d8a19e9e8132369d91a7fe3fc41f912b78b8237a318500f2a45aa958f7550c
artemisia,calibration,machines/artemisia/independent-load-v1/calibration/6c74514be0b24c3f/attempt-1788928770498769091/run.json,noisy,chase,1,5924101,4096,5,TSC_ticks/load,1000000,5.038979467773437,0.1300135482912981,5.02685546875,5.02099609375,5.0322265625,5.017578125,5.03564453125,16064,SMT sibling became busy,1f3d04c6f76a62b61127dbd823da4c09be7ec24594e50fc870cfdfac0d8b78c2
artemisia,calibration,machines/artemisia/independent-load-v1/calibration/98c7728e63ee49b1/attempt-1788928838958623052/run.json,passed,chase,4,5924101,4096,28,TSC_ticks/load,1000000,1.2723835048828125,0.07304368636890826,1.26904296875,1.267578125,1.2705078125,1.26611328125,1.27197265625,3003,,7e6a223d18fe76c3ff3a400bd98e8bf8480eee9a9a80eb32e37a65e75541b3cb
artemisia,calibration,machines/artemisia/independent-load-v1/calibration/a764c34b40a6c1eb/attempt-1788928802881094187/run.json,passed,overhead,1,5924101,4096,28,TSC_ticks/interval,1000000,85.557866,31.215634030752156,86.0,84.0,86.0,84.0,88.0,48837,,7d8cb807000c8cd527ba72d737aab0f74398521b88f2feea773b9b758b4c6380
artemisia,calibration,machines/artemisia/independent-load-v1/calibration/c4e520b28d160f03/attempt-1788928792180830746/run.json,passed,chase,4,5924101,4096,28,TSC_ticks/load,1000000,1.27246639453125,0.07745909012961492,1.26904296875,1.267578125,1.2705078125,1.26611328125,1.27197265625,2983,,02c77b1e8f8c64973a2778db950a977e22b7e930721d90a3ba9ec7dd871cdb0d
artemisia,calibration,machines/artemisia/independent-load-v1/calibration/ca4948ec31487b8a/attempt-1788928807882483327/run.json,passed,loop,1,5924101,4096,28,TSC_ticks/load,1000000,0.27744631884765625,0.030714133621487175,0.275390625,0.27490234375,0.2763671875,0.27392578125,0.28466796875,172512,,a32ec00aebe62d6b4f35f57372ed231c0fea65903bc387236c1367d49b0e2e87
artemisia,calibration,machines/artemisia/independent-load-v1/calibration/cda0958dd6875694/attempt-1788928816943615363/run.json,passed,chase,1,5924101,4096,28,TSC_ticks/load,1000000,5.085674686035156,8.292656422376853,5.0263671875,5.0205078125,5.0322265625,5.017578125,5.03515625,10324,,f4f859be28ef1c2a66d64940ead36c3a5ae1dc852634959f0c02fc2567ec8866
artemisia,calibration,machines/artemisia/independent-load-v1/calibration/d445a2735c6b0cfc/attempt-1788928710115161096/run.json,noisy,overhead,1,5924101,4096,9,TSC_ticks/interval,1000000,85.464022,46.29738872800192,86.0,84.0,86.0,82.0,88.0,45556,SMT sibling became busy,af4b07289cf3f76172b6c5c1408309de281a8e3402fa426d265a4ffe4981208a
artemisia,calibration,machines/artemisia/independent-load-v1/calibration/fa120c31508d38c9/attempt-1788928756594276690/run.json,passed,overhead,1,5924101,4096,5,TSC_ticks/interval,1000000,85.48823,33.2722853214514,86.0,84.0,86.0,82.0,88.0,45150,,a55c5b6d3d744a015c3a6ac1e594524dff27305fd98eb33fede9871acea3f59f
artemisia,comparison,machines/artemisia/independent-load-v1/comparison/097a1c22903250f2/attempt-1788929041846817890/run.json,passed,chase,4,5924103,4096,54,TSC_ticks/load,1000000,1.27515580078125,0.11924696138724786,1.26953125,1.26806640625,1.27099609375,1.26611328125,1.27392578125,33645,,0fcb265171a7a69731248c1547bd0313847764cdef217cdb9f33a3bb342ff6be
artemisia,comparison,machines/artemisia/independent-load-v1/comparison/2899815d0b6a65a1/attempt-1788928882402186919/run.json,passed,chase,4,5924101,4096,28,TSC_ticks/load,1000000,1.2723828315429688,0.07360972558508394,1.26904296875,1.267578125,1.2705078125,1.26611328125,1.27197265625,3034,,cda7be66a60675bbd9dd1207acf081dd66afa14a3eff96fa43afe8a082b2186f
artemisia,comparison,machines/artemisia/independent-load-v1/comparison/39e18bdd904491ce/attempt-1788929019758492774/run.json,passed,chase,1,5924103,4096,54,TSC_ticks/load,1000000,5.053027487792969,0.19515005403483732,5.02685546875,5.02099609375,5.03271484375,5.017578125,5.283203125,59988,,44af4a2e6c97ab75e5702091fea627dcc32689ee1926ba9a975e5b67413436a3
artemisia,comparison,machines/artemisia/independent-load-v1/comparison/4031ce0ff10893f0/attempt-1788928893059426720/run.json,passed,chase,1,5924101,4096,54,TSC_ticks/load,1000000,5.040742818359375,0.2414520633153122,5.02685546875,5.021484375,5.03271484375,5.01806640625,5.03662109375,13151,,a890059153160a597f2f113bebbcf0f0b08eef96ee3abc80795a770a96a80363
artemisia,comparison,machines/artemisia/independent-load-v1/comparison/4e1294f70e769af0/attempt-1788928951067453963/run.json,passed,chase,1,5924102,4096,54,TSC_ticks/load,1000000,5.043237870117188,0.18730511969746078,5.02685546875,5.02099609375,5.03271484375,5.017578125,5.0361328125,21147,,3113c199cff7d41bb9f955aa768f0578463ad572fb46d79911aad8e47ffc4af3
artemisia,comparison,machines/artemisia/independent-load-v1/comparison/5b00283720cdb052/attempt-1788928928262867668/run.json,passed,chase,1,5924101,4096,54,TSC_ticks/load,1000000,5.040249867675781,0.15491228359247355,5.02685546875,5.02099609375,5.0322265625,5.017578125,5.03564453125,12433,,25d602fd73146b9b921d442557c58e5fc792be415cae8078cd3c0976509dc40d
artemisia,comparison,machines/artemisia/independent-load-v1/comparison/7c4b52a3911e1e5e/attempt-1788929065892470711/run.json,passed,chase,1,5924103,4096,54,TSC_ticks/load,1000000,5.044043915039063,0.19674852036114207,5.02685546875,5.02099609375,5.0322265625,5.017578125,5.03564453125,25254,,417df8be45aa4b0400041cb055ecd5b9a3909e7f9a10aad35783e22ca60dda3e
artemisia,comparison,machines/artemisia/independent-load-v1/comparison/98fe8851d5b49f3b/attempt-1788928849626862331/run.json,passed,chase,1,5924101,4096,28,TSC_ticks/load,1000000,5.083963501464844,8.130414653923822,5.0263671875,5.0205078125,5.0322265625,5.017578125,5.03515625,10331,,716be995ac68c4fdff1b4be412b219bc3a95576ed85c2b0cff7fddd12495c3eb
artemisia,comparison,machines/artemisia/independent-load-v1/comparison/9b7c125a29a51b90/attempt-1788928973886370894/run.json,passed,chase,4,5924102,4096,54,TSC_ticks/load,1000000,1.2730059467773438,0.11656153236962392,1.26904296875,1.267578125,1.27099609375,1.26611328125,1.2724609375,6878,,66928c53689d3cb083e34fd662d9cac400432f53d646cc7822fe6cb2ccbc9e2c
artemisia,comparison,machines/artemisia/independent-load-v1/comparison/a9ad2e39352d03a8/attempt-1788929054474797973/run.json,passed,chase,4,5924103,4096,54,TSC_ticks/load,1000000,1.2738674125976563,0.08916199874336675,1.26904296875,1.267578125,1.2705078125,1.26611328125,1.2724609375,18808,,9a62a0acd149e12dbcbdd4b1e503cee009edf5840d9005ea41464288482d15e0
artemisia,comparison,machines/artemisia/independent-load-v1/comparison/ac51a66fec63c2e3/attempt-1788928871697464251/run.json,passed,chase,4,5924101,4096,28,TSC_ticks/load,1000000,1.2723564028320313,0.07212944386522116,1.26904296875,1.267578125,1.2705078125,1.26611328125,1.27197265625,3019,,45ca72b803f225d1e8e8137dac26bc06de4969bc726d2bce08b2760de8363591
artemisia,comparison,machines/artemisia/independent-load-v1/comparison/aef35aa059820215/attempt-1788928985456185508/run.json,passed,chase,4,5924102,4096,54,TSC_ticks/load,1000000,1.2727234047851563,0.11097053697185848,1.26904296875,1.267578125,1.2705078125,1.26611328125,1.2724609375,3561,,3d9b9d5e5cc68cd68d22f9ef85603c26670e4e127ec89c33d860a9b1dcd85f31
artemisia,comparison,machines/artemisia/independent-load-v1/comparison/af4d095a3047be9b/attempt-1788928916255321637/run.json,passed,chase,4,5924101,4096,54,TSC_ticks/load,1000000,1.273197619140625,0.14161683951638473,1.26904296875,1.267578125,1.27099609375,1.26611328125,1.2724609375,4575,,08a240dc8b882257fe6bb29e7f263741845708ae47cd504075432f6a94859946
artemisia,comparison,machines/artemisia/independent-load-v1/comparison/b8271f9eb2c0e80a/attempt-1788928996906591883/run.json,passed,chase,1,5924102,4096,54,TSC_ticks/load,1000000,5.050708170898438,0.20123412378439146,5.02734375,5.021484375,5.033203125,5.01806640625,5.041015625,48009,,2d526f3d48db1b51e4f15efb1d0dde28d3ada30a75c6c7a635a548b0db80c1f2
artemisia,smoke,machines/artemisia/independent-load-v1/smoke/39f614551be5e15f/attempt-1788928651981755310/run.json,passed,chase,1,5924101,4096,8,TSC_ticks/load,2048,5.040964841842651,0.1420089285760151,5.02685546875,5.02099609375,5.0322265625,5.017578125,5.03515625,24,,76b30c0dab9d25e07473e376c5be099ccc2548b1960b4a102ddf31cfcddf97a4
artemisia,smoke,machines/artemisia/independent-load-v1/smoke/6473570af8cb0465/attempt-1788928654185934458/run.json,passed,chase,4,5924101,4096,4,TSC_ticks/load,2048,1.2724215984344482,0.06531983864155383,1.26904296875,1.267578125,1.2705078125,1.26611328125,1.2724609375,7,,143e111a3711deff8aef5a5d22a03458cfcc9bd9e39b80a658869bb5b9bc4c1a
artemisia,smoke,machines/artemisia/independent-load-v1/smoke/b72263ef8b47f50f/attempt-1788928656336396155/run.json,passed,overhead,1,5924101,4096,4,TSC_ticks/interval,2048,85.7216796875,18.10857658356101,86.0,84.0,86.0,84.0,88.0,101,,efc59fe8c1eb89c0a0087d9c1c631f05f0bd75070e71b1192bfcc89399c53337
artemisia,smoke,machines/artemisia/independent-load-v1/smoke/c13b49eaf75b5c13/attempt-1788928658483262104/run.json,passed,loop,1,5924101,4096,11,TSC_ticks/load,2048,0.27849674224853516,0.04974404000742919,0.275390625,0.27490234375,0.2763671875,0.27392578125,0.28515625,354,,b48ded61c60ede6a825765cc902f4944f94d5f938df5deb3d37d7f8f1aa8f06f
charnwood,calibration,machines/charnwood/independent-load-v1/calibration/037f0b274cdbd2e9/attempt-1788928743148389587/run.json,noisy,chase,4,5924101,4096,3,TSC_ticks/load,1000000,0.9454332724609374,0.07920744876079816,0.9423828125,0.94140625,0.943359375,0.9404296875,0.94482421875,8285,frequent involuntary context switches,9ee17dbc6dd67d884842c54c4f6f503b7d365dfe26163f0954191b6439113fd2
charnwood,calibration,machines/charnwood/independent-load-v1/calibration/037f0b274cdbd2e9/attempt-1788928944639799180/run.json,passed,chase,4,5924101,4096,2,TSC_ticks/load,1000000,0.9472198530273438,0.09555430914496471,0.9423828125,0.94140625,0.94384765625,0.9404296875,0.9453125,36927,,f2c3aaa61c348cd409ada27f7b9641e296aadb4ba84f99f95f06e7c416063ab4
charnwood,calibration,machines/charnwood/independent-load-v1/calibration/1f4c30e5f975185c/attempt-1788929130035798695/run.json,noisy,chase,4,5924101,4096,3,TSC_ticks/load,1000000,1.1672384565429688,0.11021245958080814,1.16259765625,1.1611328125,1.16357421875,1.15966796875,1.1650390625,16389,frequent involuntary context switches,648aff5cf252570f5407f3fb20b3456b5378bd1c5c146ccf201ef5bcf6b26777
charnwood,calibration,machines/charnwood/independent-load-v1/calibration/38a8997bfc25a96f/attempt-1788929138102637905/run.json,passed,overhead,1,5924101,4096,3,TSC_ticks/interval,1000000,99.447382,65.51929894408677,100.0,98.0,102.0,94.0,102.0,2158,,05b25116bdbb2e727873dc57a1f81b0a4eec5b1a684690dbed888e855dd601ac
charnwood,calibration,machines/charnwood/independent-load-v1/calibration/39674ad348edf8a9/attempt-1788928752029143671/run.json,noisy,loop,1,5924101,4096,3,TSC_ticks/load,1000000,0.26505271435546873,0.06695808708396106,0.2548828125,0.25439453125,0.25537109375,0.25341796875,0.27197265625,118850,SMT sibling became busy,b776a335f736d333a45f6d04cfd6d933d7d251ed79fddd23ffaa1308464b8d3c
charnwood,calibration,machines/charnwood/independent-load-v1/calibration/39674ad348edf8a9/attempt-1788928950328259652/run.json,passed,loop,1,5924101,4096,2,TSC_ticks/load,1000000,0.25711874755859376,0.05476447164866574,0.2548828125,0.25439453125,0.25537109375,0.25341796875,0.255859375,14066,,aea439546ce695acc1cae5257088659112d38034e0457423b1147ad09ba963c2
charnwood,calibration,machines/charnwood/independent-load-v1/calibration/44b6019a19a40346/attempt-1788928730326004473/run.json,passed,loop,1,5924101,4096,3,TSC_ticks/load,1000000,0.25648761669921877,0.04650831633582586,0.2548828125,0.25439453125,0.25537109375,0.25341796875,0.255859375,9599,,827e3683a1f40112342a82cdfeda6283c474ac34fe79a6e02c5aa593da1cedce
charnwood,calibration,machines/charnwood/independent-load-v1/calibration/508cebc58ca8a5f1/attempt-1788929173706700052/run.json,passed,chase,1,5924101,4096,2,TSC_ticks/load,1000000,3.7635094633789064,0.16108877131621305,3.75146484375,3.74658203125,3.755859375,3.74365234375,3.7587890625,25784,,8bf49e5565437a7b8ef2316f5f22fab52e5223ed360f06bab49a64a344de4701
charnwood,calibration,machines/charnwood/independent-load-v1/calibration/511efc2dfa06b8df/attempt-1788928734648534243/run.json,passed,chase,1,5924101,4096,3,TSC_ticks/load,1000000,3.7627762490234375,0.15752760038872748,3.7509765625,3.74658203125,3.75537109375,3.74365234375,3.7587890625,13598,,f0f21ef28cc3196bb8b8cd0398daf96924e32db8174a0e713e4b1636dca608f0
charnwood,calibration,machines/charnwood/independent-load-v1/calibration/6c74514be0b24c3f/attempt-1788928756441961653/run.json,noisy,chase,1,5924101,4096,3,TSC_ticks/load,1000000,3.7619352919921876,0.17774277904841387,3.7509765625,3.74658203125,3.75537109375,3.74365234375,3.7587890625,9896,frequent involuntary context switches,e377d14ca9cbeef7f9f3597a4ab23af1673b32d0035e1cdf6134c3ed7d7bd25e
charnwood,calibration,machines/charnwood/independent-load-v1/calibration/6c74514be0b24c3f/attempt-1788928954697726479/run.json,passed,chase,1,5924101,4096,2,TSC_ticks/load,1000000,3.7677997778320313,0.1857034599039662,3.7529296875,3.74853515625,3.7578125,3.7451171875,3.78076171875,51675,,2e9e3cd948aa85c6b95e6c37bae7f844c7cd3e8a66d13eea587095f32395b4d4
charnwood,calibration,machines/charnwood/independent-load-v1/calibration/7ac69699ec772d68/attempt-1788929182384143203/run.json,passed,chase,4,5924101,4096,2,TSC_ticks/load,1000000,0.9456730483398438,0.0817279637289385,0.9423828125,0.94140625,0.943359375,0.9404296875,0.94482421875,10908,,4a0a741de0c907e2510ad7c277389158e7fd384a926babbcc1731592b6052572
charnwood,calibration,machines/charnwood/independent-load-v1/calibration/82fd8208f0a1ab11/attempt-1788929169365917479/run.json,passed,loop,1,5924101,4096,2,TSC_ticks/load,1000000,0.2564366684570312,0.046502466548853524,0.2548828125,0.25439453125,0.25537109375,0.25341796875,0.255859375,6686,,a99b5f151a86eddf4c935f38d340d043ac201e544bee98af7fbb951c68c71586
charnwood,calibration,machines/charnwood/independent-load-v1/calibration/9605bfb47360cd8c/attempt-1788929142709376688/run.json,passed,loop,1,5924101,4096,3,TSC_ticks/load,1000000,0.315820501953125,0.06535848979818863,0.31396484375,0.3134765625,0.314453125,0.3125,0.3154296875,20883,,77be1543d113ff06215119b07941d8fbd0d2f4a5c41b08ceaf6710401b2c01d4
charnwood,calibration,machines/charnwood/independent-load-v1/calibration/96499456dd517e4e/attempt-1788929118724251397/run.json,noisy,chase,1,5924101,4096,3,TSC_ticks/load,1000000,4.634595334472656,0.24755498688473385,4.6181640625,4.61279296875,4.6240234375,4.60888671875,4.6279296875,64902,frequent involuntary context switches,631625f30031b6d6d867c9096cef4bf4ea3a8e1b7d26491d42e4736fc45cc499
charnwood,calibration,machines/charnwood/independent-load-v1/calibration/98c7728e63ee49b1/attempt-1788928786990998582/run.json,passed,chase,4,5924101,4096,3,TSC_ticks/load,1000000,0.9494565502929687,0.10240795926193658,0.9423828125,0.94140625,0.94384765625,0.9404296875,0.951171875,55288,,03de5cf3e93514b14591330febcec81827d3e4a3870fa62a198533a8ac1f696a
charnwood,calibration,machines/charnwood/independent-load-v1/calibration/9a6dd1d6e8eb12b4/attempt-1788929112669937199/run.json,passed,loop,1,5924101,4096,3,TSC_ticks/load,1000000,0.31568773779296877,0.05734390498401577,0.31396484375,0.3134765625,0.31494140625,0.3125,0.3154296875,8633,,9fe1bd29a0ae37ec465880c56d00b819ffdac808f9df6e7c2a74a62248b1c554
charnwood,calibration,machines/charnwood/independent-load-v1/calibration/a764c34b40a6c1eb/attempt-1788928770678118259/run.json,noisy,overhead,1,5924101,4096,3,TSC_ticks/interval,1000000,81.436448,47.810094404303605,82.0,80.0,82.0,80.0,84.0,2967,SMT sibling became busy,5df81ade27c703ee9d8350819f77850ac18cf8a4a0acd7773d3f6638413bf1c4
charnwood,calibration,machines/charnwood/independent-load-v1/calibration/a764c34b40a6c1eb/attempt-1788928963622089003/run.json,passed,overhead,1,5924101,4096,2,TSC_ticks/interval,1000000,112.145118,68.87191468303105,112.0,110.0,112.0,108.0,114.0,39100,,782e9b53554bbc46368d9397fd250c54175b6ce22e51f855e440ff379efc6e6e
charnwood,calibration,machines/charnwood/independent-load-v1/calibration/c4e520b28d160f03/attempt-1788928765053130671/run.json,passed,chase,4,5924101,4096,3,TSC_ticks/load,1000000,0.94575155859375,0.0829960967714367,0.9423828125,0.94140625,0.943359375,0.9404296875,0.94482421875,11833,,eecbf6019519c755db93c47666f87eb06b49f0808c52120797b02a7bf46913f2
charnwood,calibration,machines/charnwood/independent-load-v1/calibration/ca4948ec31487b8a/attempt-1788928774056322690/run.json,passed,loop,1,5924101,4096,3,TSC_ticks/load,1000000,0.25581856640625,0.04234652131754729,0.2548828125,0.25439453125,0.25537109375,0.25341796875,0.255859375,2501,,58a7999331abc1a062cee19dd8098daa884ef5d313fc9a542264c5c5e56e006d
charnwood,calibration,machines/charnwood/independent-load-v1/calibration/cda0958dd6875694/attempt-1788928778375988364/run.json,noisy,chase,1,5924101,4096,3,TSC_ticks/load,1000000,3.7617592490234375,0.15438235861603083,3.7509765625,3.74658203125,3.75537109375,3.74365234375,3.7587890625,10012,frequent involuntary context switches,314938d125f71966ff03ae0ed97efa99cd95c44ed5c469c56150bf110732c710
charnwood,calibration,machines/charnwood/independent-load-v1/calibration/cda0958dd6875694/attempt-1788928967745789567/run.json,passed,chase,1,5924101,4096,2,TSC_ticks/load,1000000,5.148157234863281,0.234461253115938,5.12841796875,5.1220703125,5.13427734375,5.1181640625,5.1376953125,20957,,af56b9bd55112fc64817993157387a8b74034041a416f1001128c5f956a386e1
charnwood,calibration,machines/charnwood/independent-load-v1/calibration/d445a2735c6b0cfc/attempt-1788928710010463291/run.json,noisy,overhead,1,5924101,4096,3,TSC_ticks/interval,1000000,81.341306,37.41687798623934,82.0,80.0,82.0,80.0,84.0,3283,SMT sibling became busy,c09cefd07647c21cada2ffa6039c11844dffab8f4720143ae2457aa1e28963ad
charnwood,calibration,machines/charnwood/independent-load-v1/calibration/d445a2735c6b0cfc/attempt-1788928941293297427/run.json,passed,overhead,1,5924101,4096,2,TSC_ticks/interval,1000000,81.506096,90.88038005027413,82.0,80.0,82.0,80.0,84.0,2926,,7344ff6726d1e991bf0958cef7f61d4974787d8d848c080132da64c02ea30d43
charnwood,calibration,machines/charnwood/independent-load-v1/calibration/de98d91fb8e3668c/attempt-1788929108679890297/run.json,passed,overhead,1,5924101,4096,3,TSC_ticks/interval,1000000,98.452626,79.69799012192061,98.0,96.0,100.0,94.0,102.0,8855,,590d27a9babb53f04ad03219d676f9988f52aa5f34aa255e8b90d90799ea4411
charnwood,calibration,machines/charnwood/independent-load-v1/calibration/ed50da3967b5a845/attempt-1788929148744432681/run.json,passed,chase,1,5924101,4096,3,TSC_ticks/load,1000000,4.82815241015625,0.3605046336553311,4.62548828125,4.61669921875,5.1240234375,4.60986328125,5.13671875,6894,,f3e33267982ec44c76b638bcfc003ad3569c6ad1a906081d10636276439185b4
charnwood,calibration,machines/charnwood/independent-load-v1/calibration/f319e479e2cbd736/attempt-1788929160591192604/run.json,passed,chase,4,5924101,4096,2,TSC_ticks/load,1000000,0.9458875512695313,0.08258850271318155,0.9423828125,0.94140625,0.943359375,0.9404296875,0.94482421875,21021,,5d103254df74084ed958acc2261257aa7773c687c0b03d1f77392fdb783595b3
charnwood,calibration,machines/charnwood/independent-load-v1/calibration/f6b3068c23ae9066/attempt-1788929166099902263/run.json,passed,overhead,1,5924101,4096,2,TSC_ticks/interval,1000000,81.442964,43.542005544082954,82.0,80.0,82.0,80.0,84.0,3563,,f2cd799943a2715ec7be5324cb67ec296dc450c93fd7449ca157b608fa32db7e
charnwood,calibration,machines/charnwood/independent-load-v1/calibration/fa120c31508d38c9/attempt-1788928748587930305/run.json,passed,overhead,1,5924101,4096,3,TSC_ticks/interval,1000000,81.820346,56.683613412275626,82.0,80.0,82.0,80.0,84.0,8767,,2aa9562933d414ff628c31cda0ff74f709d5034dbe94c83e2663b11963abf055
charnwood,comparison,machines/charnwood/independent-load-v1/comparison/0df8c68af566d516/attempt-1788929286412001535/run.json,passed,chase,1,5924103,4096,1,TSC_ticks/load,1000000,5.151126654785156,0.29134258377234096,5.12841796875,5.1220703125,5.134765625,5.1181640625,5.16796875,66354,,537a79bf9e2ab7a6a91acba544214603070d818d8e8800ab7ca64ab2d0ff81f0
charnwood,comparison,machines/charnwood/independent-load-v1/comparison/1ad90b4742366b34/attempt-1788929187856248553/run.json,passed,chase,1,5924101,4096,2,TSC_ticks/load,1000000,3.7310958764648436,0.32770511819726633,3.74560546875,3.65576171875,3.7529296875,3.64697265625,3.75830078125,7463,,448f05558ca56fccba4b3ee093557a7c233488baa975d2dcb06a3909f51be566
charnwood,comparison,machines/charnwood/independent-load-v1/comparison/1c7b72f95c57ba82/attempt-1788929232972554537/run.json,passed,chase,1,5924101,4096,1,TSC_ticks/load,1000000,5.149476145996093,0.27975600854014965,5.12841796875,5.1220703125,5.134765625,5.1181640625,5.16845703125,70714,,4dc0fffda3f55377f05af03c4f862990a7d8f2f23bbbe50a9465b3abd9fbfa35
charnwood,comparison,machines/charnwood/independent-load-v1/comparison/1d61ab1133b55ef1/attempt-1788929257793241631/run.json,passed,chase,4,5924102,4096,1,TSC_ticks/load,1000000,1.295143521484375,0.15813792792025114,1.29150390625,1.28955078125,1.29296875,1.24658203125,1.29443359375,89175,,5bf146a8e4fdea4c9539f106bc0dc1893939a671b3254bcccd88d312fcaf1000
charnwood,comparison,machines/charnwood/independent-load-v1/comparison/2d9361de1ff55154/attempt-1788929196536836452/run.json,passed,chase,4,5924101,4096,2,TSC_ticks/load,1000000,0.9257622543945313,0.24723317218018867,0.91845703125,0.91748046875,0.919921875,0.916015625,0.92138671875,18723,,a1bccdbb919abd7d8c29344ced83805660d5a5222d23760e0238700c831168a8
charnwood,comparison,machines/charnwood/independent-load-v1/comparison/34bc745d6aeb24e8/attempt-1788929265808147253/run.json,passed,chase,4,5924102,4096,1,TSC_ticks/load,1000000,1.2976482124023438,0.1360221111578983,1.29150390625,1.2900390625,1.29296875,1.2880859375,1.294921875,27621,,368e8a4814091143e053f199ccba783f92026135acb79bbaaafdfe36c28aaaa7
charnwood,comparison,machines/charnwood/independent-load-v1/comparison/3fa7d8a9291e2dac/attempt-1788929306988384304/run.json,passed,chase,4,5924103,4096,1,TSC_ticks/load,1000000,1.2983741411132812,0.14529821242575972,1.29296875,1.291015625,1.29443359375,1.28955078125,1.29638671875,60870,,c3ed7317f8b8fbbfb9f1c3b427f589bf52cc2fca2f9c63087e0f4662c5b45849
charnwood,comparison,machines/charnwood/independent-load-v1/comparison/42a44574a810d682/attempt-1788929315062483747/run.json,passed,chase,1,5924103,4096,1,TSC_ticks/load,1000000,5.145786301757813,0.27748320999127757,5.12841796875,5.12158203125,5.134765625,5.11767578125,5.1689453125,91485,,c821f8e27ab2d38b97c46f8dda6f2cb2cf2c67ecc12855bf5807bf8778eaf3e2
charnwood,comparison,machines/charnwood/independent-load-v1/comparison/4b28dd82bfef8d00/attempt-1788929245333475741/run.json,passed,chase,1,5924102,4096,1,TSC_ticks/load,1000000,5.145938050292969,0.3062920053868661,5.1279296875,5.12158203125,5.134765625,5.1171875,5.16845703125,99575,,0d7f8b1ea27ffb5f0eb22f25013311a946016a4eeb082e3f11ca49456b1f839f
charnwood,comparison,machines/charnwood/independent-load-v1/comparison/503d4c05730af294/attempt-1788929211937221684/run.json,passed,chase,1,5924101,4096,1,TSC_ticks/load,1000000,5.147831998046875,0.28943876557240483,5.12841796875,5.12158203125,5.134765625,5.1181640625,5.17041015625,80105,,421f7100ec486cd72bdd947187080011b1a6e44bfbf8de27dfe3972382ff8f87
charnwood,comparison,machines/charnwood/independent-load-v1/comparison/814175e4ab3a6e4a/attempt-1788929298845586972/run.json,passed,chase,4,5924103,4096,1,TSC_ticks/load,1000000,1.2976393505859376,0.1375608126567311,1.29150390625,1.2900390625,1.29296875,1.28857421875,1.294921875,24633,,1db1c61380f2cb761a3d13e7e603d6330796aaaf686191a5cadd18d16c8354ce
charnwood,comparison,machines/charnwood/independent-load-v1/comparison/936f071555e01c31/attempt-1788929203086317259/run.json,noisy,chase,4,5924101,4096,1,TSC_ticks/load,1000000,1.2942477514648438,0.16555776970067715,1.29248046875,1.29052734375,1.29443359375,1.24609375,1.29638671875,150020,frequent involuntary context switches,78f00d3e0ddaa3e6caf13079660a002b0b977a67beb064e30818315b8c3091e7
charnwood,comparison,machines/charnwood/independent-load-v1/comparison/9cefaf7dc28e0bc8/attempt-1788929224812421460/run.json,passed,chase,4,5924101,4096,1,TSC_ticks/load,1000000,1.2978175834960937,0.13742039632355427,1.29150390625,1.2900390625,1.29296875,1.28857421875,1.294921875,31760,,f124670dfdde77a348fb0031368cf55ea9f9910850794c954d349264b0a30b6d
charnwood,comparison,machines/charnwood/independent-load-v1/comparison/af0f33ba8f5a05af/attempt-1788929274074311525/run.json,passed,chase,1,5924102,4096,1,TSC_ticks/load,1000000,5.14774725390625,0.3011348559126913,5.12841796875,5.12158203125,5.134765625,5.11767578125,5.16796875,80363,,cd6662f7b5e691f6d91c375c4a3f8ef61ca17ba6d6b7b5b95e034347fe1d1649
charnwood,smoke,machines/charnwood/independent-load-v1/smoke/39f614551be5e15f/attempt-1788928652599683731/run.json,passed,chase,1,5924101,4096,3,TSC_ticks/load,2048,3.7856976985931396,0.20796053763290867,3.75146484375,3.74658203125,3.755859375,3.74365234375,3.75927734375,97,,3761fb83ed1c0414720f469f0d14ac0207f06c79bf23454efe1ca1395e7e47a2
charnwood,smoke,machines/charnwood/independent-load-v1/smoke/6473570af8cb0465/attempt-1788928654722639864/run.json,passed,chase,4,5924101,4096,3,TSC_ticks/load,2048,0.9484257698059082,0.0988412728857697,0.9423828125,0.94140625,0.94384765625,0.9404296875,0.94482421875,64,,fe00b5b519c79b54e01b7040ea27904c8cc3161b31f05317cd5d89888a558282
charnwood,smoke,machines/charnwood/independent-load-v1/smoke/b72263ef8b47f50f/attempt-1788928656844836929/run.json,noisy,overhead,1,5924101,4096,3,TSC_ticks/interval,2048,84.9423828125,11.60010278183065,82.0,80.0,82.0,78.0,110.0,282,block median drift exceeds 20 percent,0071875e0fe49af75015bca9237677b5233c1d2b1e9bcb7339dc41ccd7e23724
charnwood,smoke,machines/charnwood/independent-load-v1/smoke/c13b49eaf75b5c13/attempt-1788928658965434959/run.json,passed,loop,1,5924101,4096,3,TSC_ticks/load,2048,0.25638365745544434,0.06031034781415002,0.2548828125,0.25439453125,0.25537109375,0.25341796875,0.255859375,43,,ce345d5e26cbba0c6204268070d49e18c5fae1efadb61407a07c13461314ce17
crux,calibration,machines/crux/independent-load-v1/calibration/037f0b274cdbd2e9/attempt-1788928681443760931/run.json,passed,chase,4,5924101,4096,2,TSC_ticks/load,1000000,0.6669856455078125,0.2375570963221253,0.65625,0.654541015625,0.6689453125,0.6533203125,0.67041015625,3450,,6c6472d134cdb62d8c45124e0d1aaa5703c5be7b9c7e993020408904d9f31976
crux,calibration,machines/crux/independent-load-v1/calibration/44b6019a19a40346/attempt-1788928669357489564/run.json,passed,loop,1,5924101,4096,2,TSC_ticks/load,1000000,0.18072587084960937,0.11507404375626878,0.18017578125,0.17724609375,0.1806640625,0.17626953125,0.18115234375,931,,5db835375338cfc244dbcb6a4e80e4a15259789ee90ab2a50cd175dcd0ba8be9
crux,calibration,machines/crux/independent-load-v1/calibration/511efc2dfa06b8df/attempt-1788928673463345961/run.json,passed,chase,1,5924101,4096,2,TSC_ticks/load,1000000,2.6527772834472656,0.8325990869155664,2.6083984375,2.60400390625,2.657470703125,2.6005859375,2.666259765625,6784,,74a4596718506ec1b717682a9acbd940f286d932451d112ce9d9b19751565db2
crux,calibration,machines/crux/independent-load-v1/calibration/d445a2735c6b0cfc/attempt-1788928666296331689/run.json,passed,overhead,1,5924101,4096,2,TSC_ticks/interval,1000000,58.163699,157.41186241872572,58.0,57.0,58.0,55.0,59.0,61923,,3dcb2919890d1bfa74c94f5e1e77f548949fc9de4859802bf8c1535d20cd18c4
crux,comparison,machines/crux/independent-load-v1/comparison/097a1c22903250f2/attempt-1788928746996469276/run.json,passed,chase,4,5924103,4096,2,TSC_ticks/load,1000000,0.6628514165039062,0.2658874518673526,0.653564453125,0.652587890625,0.654541015625,0.651611328125,0.66796875,168589,,e0e49b86d8cb59cd0fb349f123291be4e88ff105c2951e7bfebbcd8041a8a683
crux,comparison,machines/crux/independent-load-v1/comparison/2899815d0b6a65a1/attempt-1788928700051951399/run.json,passed,chase,4,5924101,4096,2,TSC_ticks/load,1000000,0.6672901586914063,0.3550883957741853,0.654052734375,0.65283203125,0.66650390625,0.65185546875,0.66943359375,41082,,79a0f9bf6e0db0099035c688a34a752fc00c79e177bcb336f4b4dc37571623df
crux,comparison,machines/crux/independent-load-v1/comparison/39e18bdd904491ce/attempt-1788928738991570060/run.json,passed,chase,1,5924103,4096,2,TSC_ticks/load,1000000,2.651674562011719,0.5131772962705776,2.60888671875,2.604248046875,2.658935546875,2.600830078125,2.66650390625,6423,,9d45602093f3a463f8472b148a67cf14aae5fd4f0d951eb065607726e1c1cb3b
crux,comparison,machines/crux/independent-load-v1/comparison/4031ce0ff10893f0/attempt-1788928705083244146/run.json,passed,chase,1,5924101,4096,2,TSC_ticks/load,1000000,2.653284714111328,0.5106060224058353,2.609375,2.604736328125,2.659912109375,2.600830078125,2.666748046875,6432,,18edeba1c2042467809129c099d150d409d1b08174e20335cfe228a72f52e4aa
crux,comparison,machines/crux/independent-load-v1/comparison/4e1294f70e769af0/attempt-1788928713040902208/run.json,passed,chase,1,5924102,4096,2,TSC_ticks/load,1000000,2.6569058935546876,0.47935328807665933,2.611572265625,2.605712890625,2.661865234375,2.600830078125,2.6669921875,6326,,ad25bd702a11088826d79873e1b2f6f261b1a5b4b77b1d065547379674d87a32
crux,comparison,machines/crux/independent-load-v1/comparison/7c4b52a3911e1e5e/attempt-1788928757033742350/run.json,passed,chase,1,5924103,4096,2,TSC_ticks/load,1000000,2.6537477661132813,0.5108963652794969,2.609619140625,2.604736328125,2.659912109375,2.600830078125,2.666748046875,6455,,a552ee9ec359de030b6705deb1b37abbbbde7aa6fbc205564ca02aa4b35bf530
crux,comparison,machines/crux/independent-load-v1/comparison/98fe8851d5b49f3b/attempt-1788928687076823762/run.json,passed,chase,1,5924101,4096,2,TSC_ticks/load,1000000,2.6574356052246095,0.5111649294050379,2.61083984375,2.605224609375,2.661376953125,2.600830078125,2.6669921875,6404,,3ddbf9c23203a130c583f8b28e9a4df322b59d5d5d90e05b664e66530d344694
crux,comparison,machines/crux/independent-load-v1/comparison/9b7c125a29a51b90/attempt-1788928721034283476/run.json,passed,chase,4,5924102,4096,2,TSC_ticks/load,1000000,0.6640133151855468,0.26396715376637264,0.65380859375,0.652587890625,0.665771484375,0.651611328125,0.66845703125,4106,,0d425043dce5a843998d3a5b4fc93245279313dc5d30bd78010daf7d517669f1
crux,comparison,machines/crux/independent-load-v1/comparison/a9ad2e39352d03a8/attempt-1788928752054353047/run.json,passed,chase,4,5924103,4096,2,TSC_ticks/load,1000000,0.6657272609863282,0.23488329717165288,0.65478515625,0.653076171875,0.66748046875,0.65185546875,0.6689453125,4347,,6b0ae324b9fc42211284dc6adae3cfb4e94a8c628526171f136271429c2ec512
crux,comparison,machines/crux/independent-load-v1/comparison/ac51a66fec63c2e3/attempt-1788928695022152919/run.json,passed,chase,4,5924101,4096,2,TSC_ticks/load,1000000,0.6628725891113281,0.27288947285746695,0.653564453125,0.652587890625,0.654541015625,0.651611328125,0.66796875,150699,,150237cd449d7e0c4a3add707fc6e67deca5dcf787cf0719a53478ff99fae327
crux,comparison,machines/crux/independent-load-v1/comparison/aef35aa059820215/attempt-1788928726051842869/run.json,passed,chase,4,5924102,4096,2,TSC_ticks/load,1000000,0.6631705793457031,0.2401075720359203,0.65380859375,0.652587890625,0.666015625,0.651611328125,0.66845703125,8347,,6a8f86fa5487afc304e274805e1f8847c88303ef1cd640f491face090c5549af
crux,comparison,machines/crux/independent-load-v1/comparison/b8271f9eb2c0e80a/attempt-1788928731053522927/run.json,passed,chase,1,5924102,4096,2,TSC_ticks/load,1000000,2.6542646005859374,0.4808168359701317,2.61083984375,2.605224609375,2.6611328125,2.600830078125,2.666748046875,6092,,b8b500a19faa4e67dbbf54e29a7bfa9ee22eb74c307e71738ae51196569fce78
crux,smoke,machines/crux/independent-load-v1/smoke/39f614551be5e15f/attempt-1788928607622182092/run.json,passed,chase,1,5924101,4096,1,TSC_ticks/load,2048,2.669970750808716,0.0970656903533682,2.662353515625,2.658935546875,2.665771484375,2.656494140625,2.689208984375,155,,5d309af18192a21b379a84cf3b0afcde075614aa4b70272bcd3418aa3b7aae1a
crux,smoke,machines/crux/independent-load-v1/smoke/6473570af8cb0465/attempt-1788928609743620259/run.json,passed,chase,4,5924101,4096,1,TSC_ticks/load,2048,0.7039117813110352,0.5862712683968361,0.66943359375,0.66845703125,0.6715087890625,0.66748046875,0.68505859375,510,,24e9a6e3e3262acaba87d19884105d3da880fb2040826171c315ae5a9675e095
crux,smoke,machines/crux/independent-load-v1/smoke/b72263ef8b47f50f/attempt-1788928611863925990/run.json,noisy,overhead,1,5924101,4096,1,TSC_ticks/interval,2048,63.3359375,60.76604640907244,59.0,58.0,61.0,57.0,78.0,355,block median drift exceeds 20 percent,d40622dda9b308ddc3e5d10693e6cbf48cc32810bddc38d6482f081640054f63
crux,smoke,machines/crux/independent-load-v1/smoke/c13b49eaf75b5c13/attempt-1788928613983056721/run.json,passed,loop,1,5924101,4096,2,TSC_ticks/load,2048,0.18118762969970703,0.009288468535851368,0.1806640625,0.18017578125,0.1806640625,0.1796875,0.181640625,146,,aa70d24c66ade29eeab3fd8ae8c6cf29cdaaec484aebffdb5f57787be405f3b5
ookay,calibration,machines/ookay/independent-load-v1/calibration/037f0b274cdbd2e9/attempt-1788928684821179919/run.json,passed,chase,4,5924101,4096,3,TSC_ticks/load,1000000,0.895765337890625,0.21277830918706422,0.89794921875,0.87890625,0.89990234375,0.876953125,0.90185546875,11071,,a9931c2982c194d9e47e59f31f6d52e77099fad026d9bd731696d0d131b7bbd2
ookay,calibration,machines/ookay/independent-load-v1/calibration/44b6019a19a40346/attempt-1788928672042324883/run.json,passed,loop,1,5924101,4096,3,TSC_ticks/load,1000000,0.23897100830078125,0.12783317992562285,0.2373046875,0.23681640625,0.23779296875,0.236328125,0.23828125,8582,,73762eb7f820c2f5728935d4c3c7cd735619eec7b742ec8cbc24be31ec9b9a6a
ookay,calibration,machines/ookay/independent-load-v1/calibration/511efc2dfa06b8df/attempt-1788928676279291443/run.json,passed,chase,1,5924101,4096,3,TSC_ticks/load,1000000,3.5509143994140624,0.5050515037340172,3.49853515625,3.49267578125,3.5751953125,3.48779296875,3.58642578125,7463,,9de09eeb7127f72606ebb2a183fd8ca5871f6a6be7984a60b327135e1c37233a
ookay,calibration,machines/ookay/independent-load-v1/calibration/d445a2735c6b0cfc/attempt-1788928668445485139/run.json,passed,overhead,1,5924101,4096,3,TSC_ticks/interval,1000000,78.611298,219.8996848079291,78.0,76.0,78.0,76.0,80.0,2790,,903165dc72ecd3ad3082fa955f2ac125a89c2f6a2cb6f7d666efc16c471860b1
ookay,comparison,machines/ookay/independent-load-v1/comparison/097a1c22903250f2/attempt-1788928753601613005/run.json,passed,chase,4,5924103,4096,3,TSC_ticks/load,1000000,0.8915883017578125,0.2543878364872468,0.8779296875,0.87646484375,0.8974609375,0.875,0.89990234375,10788,,97d9c1b5fe54a32c7d87f71bb792d80034921d5eb77fa3b699c4ebc0dec0d636
ookay,comparison,machines/ookay/independent-load-v1/comparison/2899815d0b6a65a1/attempt-1788928703821811271/run.json,passed,chase,4,5924101,4096,3,TSC_ticks/load,1000000,0.89011790234375,0.23457780722195148,0.8779296875,0.87646484375,0.89697265625,0.875,0.89990234375,9276,,1a894fe64a9f12ef5643287d58843d6f1045008800515ed61b81bad11c93e62d
ookay,comparison,machines/ookay/independent-load-v1/comparison/39e18bdd904491ce/attempt-1788928745048441398/run.json,passed,chase,1,5924103,4096,3,TSC_ticks/load,1000000,3.5470209165039064,0.46822623361116766,3.49853515625,3.49267578125,3.57470703125,3.48828125,3.58642578125,6632,,005cf2d45c8c034401efe4c5c6d677733756c37073d28665bbd42ba1d0f7515d
ookay,comparison,machines/ookay/independent-load-v1/comparison/4031ce0ff10893f0/attempt-1788928709076660365/run.json,passed,chase,1,5924101,4096,3,TSC_ticks/load,1000000,3.545749837890625,0.4631952986171946,3.49853515625,3.49267578125,3.57421875,3.48779296875,3.58642578125,6793,,7bbca55a83ba4a8dbd634fc390c63020b37813744f33e5b9a6d98c93fd5b610c
ookay,comparison,machines/ookay/independent-load-v1/comparison/4e1294f70e769af0/attempt-1788928717604018286/run.json,passed,chase,1,5924102,4096,3,TSC_ticks/load,1000000,3.5488814184570314,0.4694221627881283,3.4990234375,3.49267578125,3.5751953125,3.48779296875,3.5859375,6913,,03089541810351eaf2207cea2190c2af89ad23c7af37ecc155b19cacb6dead5c
ookay,comparison,machines/ookay/independent-load-v1/comparison/7c4b52a3911e1e5e/attempt-1788928763838193258/run.json,passed,chase,1,5924103,4096,3,TSC_ticks/load,1000000,3.548801923339844,0.4845341925514619,3.49853515625,3.49267578125,3.5751953125,3.48779296875,3.58642578125,6892,,ad08c73d15d48119f0165aa02d6eaf22b4b4ba289602408d3e97c7eb3b7dfb35
ookay,comparison,machines/ookay/independent-load-v1/comparison/98fe8851d5b49f3b/attempt-1788928690170933187/run.json,passed,chase,1,5924101,4096,3,TSC_ticks/load,1000000,3.5466101376953123,0.47127646916783317,3.49853515625,3.49267578125,3.57421875,3.48779296875,3.58642578125,6828,,6dcea5aaa46f749a2c9348247c89c8953b3ee510ceffde1979e7dbb9d75640b8
ookay,comparison,machines/ookay/independent-load-v1/comparison/9b7c125a29a51b90/attempt-1788928726152299227/run.json,passed,chase,4,5924102,4096,3,TSC_ticks/load,1000000,0.8901139453125,0.22992829352602495,0.8779296875,0.87646484375,0.89697265625,0.875,0.89990234375,11636,,8e6934b905f1dfa5a6eae2496c6ffb8630a0e0c888cd8074d09d827d75cd87f1
ookay,comparison,machines/ookay/independent-load-v1/comparison/a9ad2e39352d03a8/attempt-1788928758778489340/run.json,passed,chase,4,5924103,4096,3,TSC_ticks/load,1000000,0.8910824672851563,0.24717610444559548,0.8779296875,0.87646484375,0.8974609375,0.875,0.90087890625,10165,,a115639e3135dcc52b1a5e500173eddf9b4bd051714da3dcfabd19097d65c7c4
ookay,comparison,machines/ookay/independent-load-v1/comparison/ac51a66fec63c2e3/attempt-1788928698559962310/run.json,passed,chase,4,5924101,4096,3,TSC_ticks/load,1000000,0.8914433959960938,0.22711043312617524,0.87841796875,0.87646484375,0.89794921875,0.875,0.900390625,8902,,c86b2e7277f2dcc03fd212a9c65f2c8c89430d36b4ddbdac3763d6be788c9fb8
ookay,comparison,machines/ookay/independent-load-v1/comparison/aef35aa059820215/attempt-1788928731256598643/run.json,passed,chase,4,5924102,4096,3,TSC_ticks/load,1000000,0.8903453471679688,0.23680902743157378,0.8779296875,0.87646484375,0.89697265625,0.875,0.89990234375,10631,,52f4b4a564bed184de091f0039696a5bee8cf4c0c0df24ca0784dd403bb37eef
ookay,comparison,machines/ookay/independent-load-v1/comparison/b8271f9eb2c0e80a/attempt-1788928736541202057/run.json,passed,chase,1,5924102,4096,3,TSC_ticks/load,1000000,3.54994269140625,0.4889014229172557,3.4990234375,3.49267578125,3.5751953125,3.48779296875,3.58642578125,7113,,6207b617b811643f81284b21e56f1dfd4fe5004c28841c10729b8edc6e11b8f3
ookay,smoke,machines/ookay/independent-load-v1/smoke/39f614551be5e15f/attempt-1788928608191384941/run.json,passed,chase,1,5924101,4096,2,TSC_ticks/load,2048,3.51411771774292,0.3852555296649393,3.4951171875,3.49072265625,3.4990234375,3.48779296875,3.501953125,24,,b0e8b1535cd72d4e2ae474cb5379fe6cb5b5250157019046742b73fbaf352d81
ookay,smoke,machines/ookay/independent-load-v1/smoke/6473570af8cb0465/attempt-1788928610316429373/run.json,passed,chase,4,5924101,4096,2,TSC_ticks/load,2048,0.9043352603912354,0.08947699554312218,0.8994140625,0.8984375,0.900390625,0.8971435546875,0.90185546875,76,,44fe4bd83cdd4e03f643cc9ea3915430422afc96c7ab7deda25a97c5dd211c9b
ookay,smoke,machines/ookay/independent-load-v1/smoke/b72263ef8b47f50f/attempt-1788928612442010757/run.json,noisy,overhead,1,5924101,4096,2,TSC_ticks/interval,2048,82.6484375,60.62212427518968,78.0,76.0,78.0,76.0,104.0,304,block median drift exceeds 20 percent,6c46341250a718c051dbc6fa0c4533837e8786e640ec25751deaaed87a368606
ookay,smoke,machines/ookay/independent-load-v1/smoke/c13b49eaf75b5c13/attempt-1788928614561878947/run.json,passed,loop,1,5924101,4096,3,TSC_ticks/load,2048,0.2462921142578125,0.1098071937034314,0.2431640625,0.24267578125,0.24365234375,0.24169921875,0.244140625,47,,aabad256639bb398b3766bbd9a57e0ba5ea251c475e7efa6a56a5f682c140f27
upgrade,calibration,machines/upgrade/independent-load-v1/calibration/037f0b274cdbd2e9/attempt-1788928684019805579/run.json,passed,chase,4,5924101,4096,4,TSC_ticks/load,1000000,0.7149261047363281,0.20978432001399883,0.7099609375,0.708984375,0.7109375,0.7080078125,0.711669921875,10036,,32fa370fbfa40e7bdae6e6413445d39cf524e30c08e664898836587eb71ad6f4
upgrade,calibration,machines/upgrade/independent-load-v1/calibration/44b6019a19a40346/attempt-1788928671665056773/run.json,passed,loop,1,5924101,4096,4,TSC_ticks/load,1000000,0.19422183203125,0.111856355055286,0.19287109375,0.1923828125,0.193359375,0.191650390625,0.19384765625,8672,,3d4ffcbbc7a87932a65faa0b26fba518f7e944f86cd108d79779d75cc245ea20
upgrade,calibration,machines/upgrade/independent-load-v1/calibration/511efc2dfa06b8df/attempt-1788928675841227055/run.json,passed,chase,1,5924101,4096,4,TSC_ticks/load,1000000,2.855996139892578,0.6710240869309575,2.832275390625,2.828857421875,2.835693359375,2.826416015625,2.83837890625,31130,,4b57f89eb79c6c34571727ffcdaf67827c92e8c957fbc4bf200aed276938a22d
upgrade,calibration,machines/upgrade/independent-load-v1/calibration/d445a2735c6b0cfc/attempt-1788928668413322612/run.json,passed,overhead,1,5924101,4096,4,TSC_ticks/interval,1000000,63.688765,234.7291441971915,63.0,62.0,64.0,61.0,65.0,2441,,9239364b8026628cc36284d10956490ce4c1922e32e94572cd73b4102e85ff9f
upgrade,comparison,machines/upgrade/independent-load-v1/comparison/097a1c22903250f2/attempt-1788928751035270861/run.json,passed,chase,4,5924103,4096,4,TSC_ticks/load,1000000,0.715156423828125,0.19279854183732106,0.7109375,0.7099609375,0.71142578125,0.708984375,0.71240234375,8986,,a716b2e0e9de1296f244eb84382038440c733c5575f95c20516103d9bc8d2d3f
upgrade,comparison,machines/upgrade/independent-load-v1/comparison/2899815d0b6a65a1/attempt-1788928702549174213/run.json,passed,chase,4,5924101,4096,4,TSC_ticks/load,1000000,0.7148584665527343,0.2061974369629146,0.7099609375,0.708984375,0.7109375,0.7080078125,0.711669921875,11070,,f5a9cd540bfc0a96cde02ed3f19b6ca5f48aa4fbbd7b812682fbd7cf931b32fe
upgrade,comparison,machines/upgrade/independent-load-v1/comparison/39e18bdd904491ce/attempt-1788928742852798945/run.json,passed,chase,1,5924103,4096,4,TSC_ticks/load,1000000,2.8540782900390624,0.5273634240624736,2.832275390625,2.828857421875,2.835693359375,2.826416015625,2.83837890625,30285,,d2cd7876b4e81cb3ab88406de0c13575220bdaf31bae1fcac7a7dcf231d77a1e
upgrade,comparison,machines/upgrade/independent-load-v1/comparison/4031ce0ff10893f0/attempt-1788928707667226605/run.json,passed,chase,1,5924101,4096,4,TSC_ticks/load,1000000,2.8508206821289064,0.40707521722679135,2.832275390625,2.828857421875,2.835693359375,2.826416015625,2.838134765625,10623,,01b625d76e079f753198763f53a689b62a451effd77804e62bbe6a03fa5f37b2
upgrade,comparison,machines/upgrade/independent-load-v1/comparison/4e1294f70e769af0/attempt-1788928715857782080/run.json,passed,chase,1,5924102,4096,4,TSC_ticks/load,1000000,2.849084376220703,0.3775180191941068,2.832275390625,2.828857421875,2.835693359375,2.826416015625,2.838134765625,10003,,ec99cf8b7524b428782a6f571087e027c3f9aaf0e77d71d2f3d7d1fa1ef1e95d
upgrade,comparison,machines/upgrade/independent-load-v1/comparison/7c4b52a3911e1e5e/attempt-1788928761095649602/run.json,passed,chase,1,5924103,4096,4,TSC_ticks/load,1000000,2.850755403076172,0.40210640489567073,2.832275390625,2.828857421875,2.835693359375,2.826416015625,2.838134765625,10407,,0988877368b9fc639b381b24a503dc3ba610d99ede989387a285eef4c02085ed
upgrade,comparison,machines/upgrade/independent-load-v1/comparison/98fe8851d5b49f3b/attempt-1788928689134360528/run.json,passed,chase,1,5924101,4096,4,TSC_ticks/load,1000000,2.852875986328125,0.44456796655131803,2.832275390625,2.828857421875,2.835693359375,2.826416015625,2.838623046875,38380,,5100896a57721f9f74c09cb67d33458786ed14176934338b1cbf2f56d99cd5ec
upgrade,comparison,machines/upgrade/independent-load-v1/comparison/9b7c125a29a51b90/attempt-1788928724038872150/run.json,passed,chase,4,5924102,4096,4,TSC_ticks/load,1000000,0.7142546208496093,0.19062383547425446,0.7099609375,0.708984375,0.7109375,0.7080078125,0.71142578125,9222,,84d90d9af230b27260fd124070c53a808f33900140a043dc03a459c32a26f30f
upgrade,comparison,machines/upgrade/independent-load-v1/comparison/a9ad2e39352d03a8/attempt-1788928755980460130/run.json,passed,chase,4,5924103,4096,4,TSC_ticks/load,1000000,0.7150405280761719,0.21361253560270083,0.7099609375,0.708984375,0.7109375,0.7080078125,0.71142578125,10062,,1d88d9fee7ad9606a0a5bb73eccc774b8e5a603a5bfc624352fc123acdc16a0f
upgrade,comparison,machines/upgrade/independent-load-v1/comparison/ac51a66fec63c2e3/attempt-1788928697312584727/run.json,passed,chase,4,5924101,4096,4,TSC_ticks/load,1000000,0.7145233874511718,0.18520417158921076,0.71044921875,0.70947265625,0.711181640625,0.70849609375,0.712158203125,8666,,2d76bd703032521bf0af718001a8dab699d5fd04b4b5007e79e001a5aeda2908
upgrade,comparison,machines/upgrade/independent-load-v1/comparison/aef35aa059820215/attempt-1788928729147289179/run.json,passed,chase,4,5924102,4096,4,TSC_ticks/load,1000000,0.7155466127929687,0.20095711384827122,0.7109375,0.7099609375,0.7119140625,0.708984375,0.712890625,11972,,34ba1462cc9b9a26d69372b08b76b7573e12b02add416bff5a4948ec282881f1
upgrade,comparison,machines/upgrade/independent-load-v1/comparison/b8271f9eb2c0e80a/attempt-1788928734650168017/run.json,passed,chase,1,5924102,4096,4,TSC_ticks/load,1000000,2.851254623779297,0.4088397232596261,2.832275390625,2.828857421875,2.835693359375,2.826416015625,2.838134765625,11838,,a1d093eb44ba8e12fe50b032800e1fb8d3e790761115f6a4bf03a5f4d7bbe826
upgrade,smoke,machines/upgrade/independent-load-v1/smoke/39f614551be5e15f/attempt-1788928608094237089/run.json,passed,chase,1,5924101,4096,2,TSC_ticks/load,2048,2.836796283721924,0.07613036917541953,2.83203125,2.828857421875,2.83544921875,2.826416015625,2.837890625,12,,996d9ce7c327366e6803901b54e7d8323582c2c2cfb1c608fe822d6c15bba1b1
upgrade,smoke,machines/upgrade/independent-load-v1/smoke/6473570af8cb0465/attempt-1788928610222120173/run.json,passed,chase,4,5924101,4096,2,TSC_ticks/load,2048,0.7113786935806274,0.038737247657284646,0.7099609375,0.709228515625,0.7109375,0.70849609375,0.7119140625,27,,435263d3dbe3268b81994169730d7268a3a59cbf702c28b0515a4b61643a671f
upgrade,smoke,machines/upgrade/independent-load-v1/smoke/b72263ef8b47f50f/attempt-1788928612350692200/run.json,noisy,overhead,1,5924101,4096,2,TSC_ticks/interval,2048,67.44287109375,13.92781508992963,63.0,62.0,65.0,61.0,86.0,402,block median drift exceeds 20 percent,122fed32ccf013d683d17febe063b679191029f8054b10fc5d9a5d50faf0585a
upgrade,smoke,machines/upgrade/independent-load-v1/smoke/c13b49eaf75b5c13/attempt-1788928614478704505/run.json,passed,loop,1,5924101,4096,0,TSC_ticks/load,2048,0.19281995296478271,0.02675734109325418,0.19189453125,0.19140625,0.1923828125,0.19091796875,0.19287109375,65,,144c1b8b2dd1b995b0118024e46b6b49506f2b698adfc6a3052abc8bfff36a21
