host,group,mode,size_kib,unit,median_change_percent,percentile_bands_overlap,coarse_mean,refinement_mean,coarse_median,refinement_median,coarse_stddev,refinement_stddev,coarse_q1,refinement_q1,coarse_q3,refinement_q3,coarse_p5,refinement_p5,coarse_p95,refinement_p95,coarse_outliers,refinement_outliers,coarse_zeros,refinement_zeros
sunbird,small,random,16.0,TSC ticks/access,0.0,True,4.0480074655761715,4.053256421875,4.017578125,4.017578125,0.4785739857916437,0.4718983702552679,4.0166015625,4.0166015625,4.017578125,4.017578125,4.015625,4.015625,4.01953125,4.18408203125,51596,79621,0,0
sunbird,small,random,32.0,TSC ticks/access,0.07235890014472002,True,4.0902881374511715,4.101273259765625,4.048828125,4.0517578125,0.5339923788035463,0.5496556548958722,4.041015625,4.0439453125,4.0625,4.0625,4.033203125,4.0361328125,4.0830078125,4.080078125,27689,31117,0,0
sunbird,small,random,64.0,TSC ticks/access,0.04686035613870043,True,8.386148298583985,8.414340408447266,8.3359375,8.33984375,0.4077371323805467,1.3530166066103975,8.314453125,8.3232421875,8.3466796875,8.3505859375,8.30859375,8.3125,8.3603515625,8.3720703125,29757,46905,0,0
sunbird,small,sequential,16.0,TSC ticks/access,0.0,True,4.045772877441406,4.040622646728516,4.017578125,4.017578125,0.8273969598244312,0.48151610004246265,4.0166015625,4.0166015625,4.017578125,4.017578125,4.015625,4.015625,4.0185546875,4.0205078125,34433,51780,0,0
sunbird,small,sequential,32.0,TSC ticks/access,0.02413709872073344,True,4.072999167236328,4.0717194133300785,4.0458984375,4.046875,0.42422750552647787,0.5014973985159997,4.0439453125,4.0400390625,4.0693359375,4.0615234375,4.0205078125,4.01953125,4.0732421875,4.0693359375,24930,25961,0,0
sunbird,small,sequential,64.0,TSC ticks/access,0.12147716229349292,False,4.046065887451172,4.048717913574219,4.01953125,4.0244140625,0.2560905114688578,0.44637092749542717,4.0185546875,4.0234375,4.0205078125,4.025390625,4.0166015625,4.0224609375,4.021484375,4.0263671875,33158,28936,0,0
sunbird,middle,random,128.0,TSC ticks/access,0.01912777352717221,True,10.326735848144532,10.319717959472657,10.2109375,10.212890625,0.887611122137597,0.9158049070761624,10.2021484375,10.1962890625,10.2861328125,10.2939453125,10.185546875,10.1767578125,10.2998046875,10.3046875,33979,33724,0,0
sunbird,middle,random,256.0,TSC ticks/access,26.686775678679165,False,12.646875313476562,15.939396301513671,12.302734375,15.5859375,1.9180100732185388,2.1544342175534092,12.234375,15.4609375,12.384765625,15.7353515625,12.1416015625,15.306640625,14.6865234375,17.91796875,109294,106512,0,0
sunbird,middle,random,512.0,TSC ticks/access,0.08953085830250007,True,33.055913283935546,33.11497994702148,32.72265625,32.751953125,1.9733913097760156,2.2680855361461316,32.5791015625,32.6015625,32.9169921875,33.0068359375,32.173828125,32.388623046875004,35.0380859375,35.109375,123289,98524,0,0
sunbird,middle,random,1024.0,TSC ticks/access,0.022963167080014557,True,42.77443011425781,42.77295939306641,42.52734375,42.537109375,1.678509736777276,2.154513221223885,42.34375,42.337890625,42.69921875,42.697265625,42.12109375,42.0,44.658203125,44.66015625,101588,103152,0,0
sunbird,middle,sequential,128.0,TSC ticks/access,0.048567265662935455,True,4.05095202368164,4.046643663085938,4.021484375,4.0234375,0.7462707441436233,0.4876519162088608,4.0205078125,4.021484375,4.0234375,4.02734375,4.01953125,4.0205078125,4.0263671875,4.029296875,38517,33336,0,0
sunbird,middle,sequential,256.0,TSC ticks/access,0.024260067928194573,True,4.05556168334961,4.063708561767578,4.025390625,4.0263671875,1.042864695267867,0.5320837630442926,4.0205078125,4.0234375,4.02734375,4.0302734375,4.0166015625,4.0205078125,4.060546875,4.078125,64924,106621,0,0
sunbird,middle,sequential,512.0,TSC ticks/access,0.0972053462940492,True,4.050134052001953,4.053736036132812,4.0185546875,4.0224609375,0.4525899849444137,0.47266665807594516,4.0166015625,4.0185546875,4.01953125,4.0263671875,4.0166015625,4.0166015625,4.0703125,4.07421875,146922,61767,0,0
sunbird,middle,sequential,1024.0,TSC ticks/access,0.07285089849442539,True,4.052557251464844,4.0599942685546875,4.021484375,4.0244140625,0.2568657736545788,0.4950711209011132,4.0185546875,4.021484375,4.0263671875,4.02734375,4.017578125,4.017578125,4.0751953125,4.078125,60418,114962,0,0
sunbird,large,random,16384.0,TSC ticks/access,0.05402728377830179,True,43.59943272070313,43.67340125195312,43.380859375,43.404296875,1.6399122452928074,2.1336445684351144,43.298828125,43.2939453125,43.5,43.529296875,43.177734375,43.1474609375,45.2158203125,45.357421875,104948,117498,0,0
sunbird,large,random,32768.0,TSC ticks/access,3.174188581719206,True,72.72613490429687,75.58446787304688,71.0380859375,73.29296875,7.401241153578889,12.128387037914795,68.80078125,71.00390625,74.587890625,76.4541015625,66.7626953125,68.7412109375,82.072265625,89.9326171875,42930,68651,0,0
sunbird,large,random,65536.0,TSC ticks/access,-0.3784985307375255,True,142.5824735703125,142.19277076757814,141.9052734375,141.3681640625,4.699982071131256,4.736471286934723,140.4658203125,140.0224609375,143.5546875,142.9814453125,138.5693359375,138.3525390625,148.4189453125,148.857421875,52805,60905,0,0
sunbird,large,sequential,16384.0,TSC ticks/access,0.0486026731470135,True,4.068337915771484,4.043262573242187,4.0185546875,4.0205078125,0.4829978948234642,0.4680446542343643,4.017578125,4.0185546875,4.01953125,4.0224609375,4.017578125,4.017578125,4.2421875,4.0693359375,148835,60359,0,0
sunbird,large,sequential,32768.0,TSC ticks/access,-0.0468164794007464,True,4.197283350585938,4.199885298828125,4.171875,4.169921875,0.3542524396912191,0.5735271272361704,4.11328125,4.1162109375,4.205078125,4.201171875,4.01953125,4.0185546875,4.3310546875,4.3330078125,48919,50452,0,0
sunbird,large,sequential,65536.0,TSC ticks/access,-0.16336056009335076,True,4.22938351953125,4.220315208007812,4.1845703125,4.177734375,1.2075125069091401,0.5956241277610478,4.134765625,4.1328125,4.208984375,4.2060546875,4.0283203125,4.0283203125,4.451171875,4.34765625,80813,54490,0,0
thunderbird,small,random,32.0,Arm counter ticks/access,0.0,True,0.033587541259765624,0.03358734106445312,0.03369140625,0.03369140625,0.0016140896371824626,0.001537251694561922,0.033447265625,0.033447265625,0.03369140625,0.03369140625,0.033447265625,0.033447265625,0.03369140625,0.03369140625,616,625,0,0
thunderbird,small,random,64.0,Arm counter ticks/access,0.0,True,0.03397378344726563,0.03394673608398437,0.033935546875,0.033935546875,0.0016038305695053924,0.001574884129820323,0.033935546875,0.033935546875,0.033935546875,0.033935546875,0.033935546875,0.03369140625,0.0341796875,0.0341796875,196186,173216,0,0
thunderbird,small,random,128.0,Arm counter ticks/access,0.0,True,0.073782125,0.07380582006835938,0.073486328125,0.073486328125,0.0024028797461011706,0.002317775753721819,0.0732421875,0.073486328125,0.074462890625,0.07470703125,0.0732421875,0.0732421875,0.07470703125,0.07470703125,1252,1327,0,0
thunderbird,small,sequential,32.0,Arm counter ticks/access,0.0,True,0.03358700244140625,0.03358811157226563,0.03369140625,0.03369140625,0.0015433452234384494,0.0015366272852223302,0.033447265625,0.033447265625,0.03369140625,0.03369140625,0.033447265625,0.033447265625,0.03369140625,0.03369140625,869,927,0,0
thunderbird,small,sequential,64.0,Arm counter ticks/access,0.0,True,0.03375532348632813,0.03379003784179688,0.03369140625,0.03369140625,0.0018319640555653815,0.0015270050953434115,0.03369140625,0.03369140625,0.03369140625,0.033935546875,0.03369140625,0.03369140625,0.033935546875,0.033935546875,273162,1304,0,0
thunderbird,small,sequential,128.0,Arm counter ticks/access,0.0,True,0.0341558671875,0.03415481127929688,0.0341796875,0.0341796875,0.001546221789693542,0.0015404746191113525,0.0341796875,0.0341796875,0.0341796875,0.0341796875,0.033935546875,0.033935546875,0.034423828125,0.034423828125,277975,275065,0,0
thunderbird,middle,random,256.0,Arm counter ticks/access,1.724137931034475,True,0.09908483959960937,0.10067717651367188,0.09912109375,0.100830078125,0.0025627582911739825,0.0025425412635323966,0.0986328125,0.10009765625,0.099365234375,0.10107421875,0.09814453125,0.099609375,0.099853515625,0.101318359375,1665,1680,0,0
thunderbird,middle,random,512.0,Arm counter ticks/access,-4.930966469428011,False,0.12398034350585938,0.11783573461914063,0.123779296875,0.11767578125,0.0032086161079855303,0.0028338815820806093,0.123046875,0.117431640625,0.124755859375,0.117919921875,0.1220703125,0.117431640625,0.126220703125,0.11865234375,6970,5197,0,0
thunderbird,middle,random,1024.0,Arm counter ticks/access,5.221339387060153,True,0.21521930517578125,0.22647853930664064,0.215087890625,0.226318359375,0.005721859510670297,0.005896605377975566,0.21240234375,0.22314453125,0.2177734375,0.2294921875,0.20849609375,0.2197265625,0.22216796875,0.23388671875,6797,4096,0,0
thunderbird,middle,random,2048.0,Arm counter ticks/access,5.162622612287038,True,0.47729191748046873,0.4958349387207031,0.472900390625,0.497314453125,0.016793448935472376,0.01446373200757084,0.46875,0.485595703125,0.47802734375,0.505126953125,0.464111328125,0.476806640625,0.5078125,0.513671875,173998,954,0,0
thunderbird,middle,random,4096.0,Arm counter ticks/access,0.0,True,0.6538908325195313,0.653672619140625,0.653564453125,0.653564453125,0.008149264410752343,0.008313468324599955,0.650390625,0.64990234375,0.65673828125,0.65673828125,0.646240234375,0.646484375,0.66162109375,0.661376953125,9954,10876,0,0
thunderbird,middle,sequential,256.0,Arm counter ticks/access,0.0,True,0.034141733154296874,0.034147449462890625,0.0341796875,0.0341796875,0.0015561950794086281,0.0012788281236220812,0.0341796875,0.0341796875,0.0341796875,0.0341796875,0.033935546875,0.033935546875,0.034423828125,0.0341796875,295004,268635,0,0
thunderbird,middle,sequential,512.0,Arm counter ticks/access,0.0,True,0.034188565185546874,0.034605339599609375,0.0341796875,0.0341796875,0.0015569013503922897,0.0016794699806478065,0.0341796875,0.0341796875,0.0341796875,0.034912109375,0.033935546875,0.033935546875,0.034423828125,0.035888671875,302058,24611,0,0
thunderbird,middle,sequential,1024.0,Arm counter ticks/access,0.0,True,0.03428699536132813,0.03433182885742188,0.0341796875,0.0341796875,0.001657818930175723,0.0016363887741978167,0.0341796875,0.0341796875,0.034423828125,0.034423828125,0.033935546875,0.033935546875,0.034912109375,0.03515625,64134,115300,0,0
thunderbird,middle,sequential,2048.0,Arm counter ticks/access,0.0,True,0.03417587719726563,0.0341776005859375,0.0341796875,0.0341796875,0.001592514456182687,0.0015820255782752373,0.0341796875,0.0341796875,0.0341796875,0.0341796875,0.033935546875,0.033935546875,0.0341796875,0.0341796875,105928,104767,0,0
thunderbird,middle,sequential,4096.0,Arm counter ticks/access,0.0,True,0.03390751171875,0.03392474926757812,0.033935546875,0.033935546875,0.0014343330104501645,0.001613117212065669,0.03369140625,0.03369140625,0.0341796875,0.0341796875,0.033447265625,0.033447265625,0.0341796875,0.0341796875,751,643,0,0
thunderbird,large,random,16384.0,Arm counter ticks/access,9.909031838856407,True,0.7522724248046875,0.8313651379394531,0.75146484375,0.825927734375,0.01065798451387107,0.07377995552751349,0.749267578125,0.807373046875,0.75439453125,0.840576171875,0.74658203125,0.75439453125,0.75927734375,0.960205078125,19343,251696,0,0
thunderbird,large,random,32768.0,Arm counter ticks/access,0.6640106241699861,True,1.2875056811523438,1.2973930908203124,1.286865234375,1.29541015625,0.02102862424945599,0.025131008793210168,1.27587890625,1.2822265625,1.2978515625,1.31005859375,1.2607421875,1.26513671875,1.315185546875,1.334228515625,11702,14383,0,0
thunderbird,large,random,65536.0,Arm counter ticks/access,-0.14666666666666162,True,1.8535353818359375,1.828877111328125,1.8310546875,1.828369140625,0.08014783968265499,0.021927114264861203,1.818359375,1.81689453125,1.845947265625,1.840087890625,1.801513671875,1.80078125,2.0751953125,1.858154296875,106259,11091,0,0
thunderbird,large,sequential,16384.0,Arm counter ticks/access,0.0,True,0.0337080009765625,0.03371048315429687,0.03369140625,0.03369140625,0.0018296346050861772,0.0016640794736235214,0.033447265625,0.033447265625,0.03369140625,0.03369140625,0.033447265625,0.033447265625,0.0341796875,0.0341796875,117108,121155,0,0
thunderbird,large,sequential,32768.0,Arm counter ticks/access,-0.7042253521126751,True,0.0346701396484375,0.03458348022460937,0.03466796875,0.034423828125,0.003969592412783105,0.001923491876926986,0.0341796875,0.0341796875,0.03515625,0.034912109375,0.03369140625,0.03369140625,0.035888671875,0.03564453125,5251,21209,0,0
thunderbird,large,sequential,65536.0,Arm counter ticks/access,0.0,True,0.035390612548828124,0.03540476806640625,0.035400390625,0.035400390625,0.0018862371143323036,0.0021470185446030737,0.034912109375,0.034912109375,0.035888671875,0.035888671875,0.034423828125,0.034423828125,0.03662109375,0.03662109375,3907,3119,0,0
skylark,small,random,16.0,TSC ticks/access,0.0,True,2.940817154296875,2.93730146484375,2.923828125,2.923828125,0.3941412462130498,0.384254222447988,2.923828125,2.923828125,2.9296875,2.9296875,2.923828125,2.923828125,2.9296875,2.9296875,19402,13481,0,0
skylark,small,random,32.0,TSC ticks/access,-0.5870841487279899,True,3.01073642578125,2.993847322265625,2.994140625,2.9765625,0.866357898434495,0.8686681981089298,2.982421875,2.96484375,3.005859375,2.98828125,2.96484375,2.94140625,3.0234375,3.01171875,23971,25145,0,0
skylark,small,random,64.0,TSC ticks/access,0.0,True,6.1420783828125,6.117944173828125,6.076171875,6.076171875,0.981072064072923,0.9632358093134399,6.05859375,6.05859375,6.099609375,6.099609375,6.029296875,6.052734375,6.228515625,6.10546875,64239,32071,0,0
skylark,small,sequential,16.0,TSC ticks/access,0.0,True,2.9572630078125,2.952495486328125,2.923828125,2.923828125,0.40920410124107853,0.40744098006884083,2.923828125,2.923828125,2.9296875,2.9296875,2.923828125,2.923828125,2.9296875,2.9296875,45461,36414,0,0
skylark,small,sequential,32.0,TSC ticks/access,0.0,True,2.9455419375,2.94143240625,2.9296875,2.9296875,0.3883299577040578,0.8650780237118073,2.9296875,2.9296875,2.9296875,2.9296875,2.9296875,2.9296875,2.935546875,2.935546875,130366,155159,0,0
skylark,small,sequential,64.0,TSC ticks/access,0.0,True,2.9456581640625,2.94326187890625,2.9296875,2.9296875,0.8639992307579594,0.8575591037831457,2.9296875,2.923828125,2.9296875,2.9296875,2.923828125,2.923828125,2.935546875,2.935546875,227161,18905,0,0
skylark,middle,random,256.0,TSC ticks/access,-0.21520803443328962,True,8.259427060546875,8.19283004296875,8.16796875,8.150390625,1.0733700046917276,1.2768974426275077,8.138671875,8.12109375,8.197265625,8.1796875,8.091796875,8.080078125,9.09375,8.23828125,65065,35245,0,0
skylark,middle,random,512.0,TSC ticks/access,3.34947538337369,True,14.68571441015625,15.106406279296875,14.51953125,15.005859375,1.5205681408638438,1.4577483929465944,14.42578125,14.900390625,14.625,15.12890625,14.314453125,14.771484375,16.01953125,15.76171875,95619,84075,0,0
skylark,middle,random,1024.0,TSC ticks/access,3.493788819875787,True,22.851532412109375,23.53589258203125,22.640625,23.431640625,2.0103157490871015,1.9348542240221676,22.517578125,23.326171875,22.8046875,23.548828125,22.37109375,23.14453125,24.193359375,24.4921875,93172,80161,0,0
skylark,middle,sequential,256.0,TSC ticks/access,0.0,True,2.95835129296875,2.941894921875,2.9296875,2.9296875,0.40395698650536316,0.8625779404202171,2.923828125,2.923828125,2.9296875,2.9296875,2.923828125,2.923828125,2.935546875,2.935546875,48953,18266,0,0
skylark,middle,sequential,512.0,TSC ticks/access,0.0,True,2.96141173828125,2.942277884765625,2.9296875,2.9296875,0.8728639832565216,0.8673659143187018,2.923828125,2.923828125,2.9296875,2.9296875,2.923828125,2.923828125,2.947265625,2.94140625,98616,78852,0,0
skylark,middle,sequential,1024.0,TSC ticks/access,0.0,True,2.9604114140625,2.938361150390625,2.9296875,2.9296875,0.8752466978073139,0.3866947701855018,2.923828125,2.923828125,2.9296875,2.9296875,2.923828125,2.923828125,2.947265625,2.94140625,119097,139379,0,0
skylark,large,random,8192.0,TSC ticks/access,0.0,True,27.077265890625,27.128727392578124,26.953125,26.953125,1.9770010793643475,21.639461873270527,26.888671875,26.888671875,27.017578125,27.017578125,26.818359375,26.818359375,28.0078125,27.984375,82975,73838,0,0
skylark,large,random,16384.0,TSC ticks/access,0.16410256410257507,True,28.93145661328125,28.987334830078126,28.564453125,28.611328125,2.424165940392993,2.376270455218649,28.318359375,28.353515625,29.0390625,29.173828125,28.048828125,28.072265625,30.978515625,31.177734375,105423,99711,0,0
skylark,large,random,32768.0,TSC ticks/access,-0.02960660227230294,True,158.8807197480469,158.810110078125,158.326171875,158.279296875,5.835711656600556,5.9130813772495,156.603515625,156.580078125,160.4765625,160.359375,154.400390625,154.3828125,164.94140625,164.77734375,25335,25711,0,0
skylark,large,random,65536.0,TSC ticks/access,0.0753883848038539,True,217.80030840820314,217.96282109765625,217.623046875,217.787109375,6.158850780908914,6.120999093531329,216.275390625,216.41015625,219.01171875,219.2109375,214.388671875,214.494140625,221.16796875,221.396484375,11458,10598,0,0
skylark,large,sequential,8192.0,TSC ticks/access,0.0,True,2.95872594140625,2.94497025,2.9296875,2.9296875,0.4082613785783994,0.8690608363929136,2.923828125,2.923828125,2.9296875,2.9296875,2.923828125,2.923828125,2.94140625,2.94140625,104564,81090,0,0
skylark,large,sequential,16384.0,TSC ticks/access,0.0,True,2.96815255078125,2.95395385546875,2.9296875,2.9296875,0.4340366392341404,0.8864058663063834,2.923828125,2.923828125,2.9296875,2.9296875,2.923828125,2.923828125,3.064453125,3.041015625,188004,165986,0,0
skylark,large,sequential,32768.0,TSC ticks/access,0.0,True,3.057133166015625,3.039835482421875,3.064453125,3.064453125,0.9016444866128372,0.8894236061585072,2.9296875,2.9296875,3.0703125,3.0703125,2.923828125,2.923828125,3.146484375,3.099609375,40144,15716,0,0
skylark,large,sequential,65536.0,TSC ticks/access,0.0,True,3.040779046875,3.043835865234375,3.064453125,3.064453125,0.8878463917275977,0.8952917380121185,2.9296875,2.9296875,3.0703125,3.0703125,2.923828125,2.923828125,3.099609375,3.099609375,17066,20387,0,0
artemisia,small,random,16.0,TSC ticks/access,0.009712509712511697,True,5.04312261328125,5.045854053222656,5.02734375,5.02783203125,1.2740754171909712,0.2556310523907058,5.02197265625,5.02197265625,5.033203125,5.033203125,5.0185546875,5.01904296875,5.0361328125,5.03662109375,11211,18121,0,0
artemisia,small,random,32.0,TSC ticks/access,0.0,True,5.068309682617188,5.054011070800781,5.0283203125,5.0283203125,1.2952127249824779,5.414974576283201,5.0224609375,5.0224609375,5.0341796875,5.03369140625,5.01904296875,5.01904296875,5.041015625,5.03759765625,47046,15723,0,0
artemisia,small,random,64.0,TSC ticks/access,-0.011886366337809928,True,8.29718389892578,8.254632390625,8.2158203125,8.21484375,2.2127848074089895,1.228605719590879,8.1884765625,8.18896484375,8.2451171875,8.2421875,8.14794921875,8.1513671875,8.33349609375,8.2919921875,54264,32221,0,0
artemisia,small,random,128.0,TSC ticks/access,0.0437689002068975,True,12.331477526855469,12.335191791503906,12.271484375,12.27685546875,1.8321420141451876,1.4501015857495596,12.25634765625,12.26611328125,12.33203125,12.32275390625,12.23828125,12.2412109375,12.35009765625,12.34130859375,28594,36293,0,0
artemisia,small,sequential,16.0,TSC ticks/access,0.009712509712511697,True,5.046416123046875,5.047449572753906,5.02734375,5.02783203125,1.6768562123594142,1.383471575520854,5.02197265625,5.02197265625,5.033203125,5.033203125,5.0185546875,5.01904296875,5.0361328125,5.03662109375,11675,13852,0,0
artemisia,small,sequential,32.0,TSC ticks/access,0.00971156647566751,True,5.0616722114257815,5.090184739257812,5.02783203125,5.0283203125,1.4945500363682025,1.1298688401581152,5.02197265625,5.0224609375,5.03369140625,5.0341796875,5.01904296875,5.01904296875,5.0380859375,5.373046875,38729,67925,0,0
artemisia,small,sequential,64.0,TSC ticks/access,0.0383053704129388,True,6.402903748046875,6.400168083007813,6.37353515625,6.3759765625,5.598237735460193,1.0933475353338227,6.36669921875,6.369140625,6.37939453125,6.3818359375,6.3623046875,6.36474609375,6.38525390625,6.38720703125,25159,16628,0,0
artemisia,small,sequential,128.0,TSC ticks/access,0.0076475986540147645,True,6.406676715332031,6.413695970703125,6.384765625,6.38525390625,1.288930423872243,2.6207129566583296,6.37841796875,6.37841796875,6.39111328125,6.3916015625,6.37451171875,6.37451171875,6.39501953125,6.3955078125,14732,25142,0,0
artemisia,middle,random,512.0,TSC ticks/access,-0.008679048776250031,True,16.985034536621093,17.012499556640623,16.8779296875,16.87646484375,2.276857713890513,6.206547645593198,16.8544921875,16.849609375,16.9365234375,16.9365234375,16.83935546875,16.83642578125,17.7265625,17.75830078125,80561,72047,0,0
artemisia,middle,random,1024.0,TSC ticks/access,-0.02438251286177584,True,20.1649012109375,20.114907391601562,20.02587890625,20.02099609375,3.246771566081313,6.099205095778357,19.990234375,19.9873046875,20.07421875,20.0625,19.91748046875,19.9169921875,20.92578125,20.34765625,92867,76735,0,0
artemisia,middle,random,2048.0,TSC ticks/access,64.89095351573104,False,17.073876951660157,27.049429119140626,16.18701171875,26.69091796875,1.6580063307517867,3.559667015995431,16.04150390625,26.48583984375,17.806640625,27.04833984375,15.9365234375,26.17626953125,20.2880859375,29.04052734375,43232,131445,0,0
artemisia,middle,random,4096.0,TSC ticks/access,8.024166381338427,False,44.475109797851566,48.100143,44.20849609375,47.755859375,4.9053579345536,3.164758297617131,43.89990234375,47.43408203125,44.65625,48.28662109375,43.517578125,47.03515625,46.06005859375,49.9921875,69426,78643,0,0
artemisia,middle,sequential,512.0,TSC ticks/access,-0.015243902439021628,True,6.438494187988281,6.428279188964844,6.40625,6.4052734375,1.5948490170059852,0.6102666830245509,6.39892578125,6.3984375,6.41259765625,6.41162109375,6.3955078125,6.39501953125,6.517578125,6.4150390625,64940,15462,0,0
artemisia,middle,sequential,1024.0,TSC ticks/access,-0.07616726331023393,True,6.453447411132813,6.432797078613281,6.41064453125,6.40576171875,1.9224452184763765,1.4677640366472045,6.4013671875,6.39892578125,6.4169921875,6.412109375,6.39599609375,6.39599609375,6.57080078125,6.416015625,146754,19761,0,0
artemisia,middle,sequential,2048.0,TSC ticks/access,1.4885382554331583,True,8.209753756347656,8.38424508544922,8.20068359375,8.32275390625,2.106397712242418,2.5090573826370557,7.83642578125,7.7998046875,8.55517578125,8.87939453125,7.37353515625,7.10595703125,9.08984375,9.76171875,7946,8817,0,0
artemisia,middle,sequential,4096.0,TSC ticks/access,0.3718648627264898,True,12.351162223632812,12.4460497265625,12.3427734375,12.388671875,5.841374407424035,6.066018283571748,12.23828125,12.35546875,12.3984375,12.41845703125,12.02197265625,12.29736328125,12.48583984375,12.47119140625,65964,47365,0,0
artemisia,large,random,8192.0,TSC ticks/access,17.77127365172282,False,52.37281180175781,61.68476947167969,52.05029296875,61.30029296875,10.773713114551748,5.313895688903759,51.71533203125,60.85009765625,52.60009765625,62.0009765625,51.30322265625,60.3701171875,53.96923828125,63.7861328125,52246,52207,0,0
artemisia,large,random,16384.0,TSC ticks/access,-2.7889098393951706,True,89.64412868457032,82.0703007680664,80.53662109375,78.29052734375,24.62811759795746,11.664544759904755,77.06884765625,76.3740234375,94.08056640625,83.22509765625,75.40283203125,75.29638671875,134.74560546875,101.29396972656247,91581,103857,0,0
artemisia,large,random,32768.0,TSC ticks/access,-10.579342919700075,True,176.64436175683593,157.57655835205077,170.15673828125,152.1552734375,38.36433751546405,31.21890273560253,144.13232421875,131.8046875,205.65380859375,176.7056884765625,129.41650390625,123.3837890625,240.49072265625,213.94389648437493,344,4817,0,0
artemisia,large,random,65536.0,TSC ticks/access,-6.703238428873881,True,242.55712924658204,227.10220049560547,243.0830078125,226.78857421875,25.176251534397753,22.70655245816776,226.61181640625,208.47607421875,258.82373046875,243.30224609375,213.91455078125,198.005859375,267.5595703125,259.83596191406247,1235,1009,0,0
artemisia,large,random,131072.0,TSC ticks/access,-9.307111333626716,False,273.46845030712893,247.74331815234376,274.05224609375,248.5458984375,14.448389940754854,13.356614671242939,268.6258544921875,243.05615234375,277.85400390625,252.490234375,261.61376953125,233.98681640625,282.73146972656247,257.765625,6052,19162,0,0
artemisia,large,sequential,8192.0,TSC ticks/access,0.019864129355218196,True,12.348075124511718,12.33987461767578,12.29052734375,12.29296875,2.864416398861898,2.5568907910808885,12.26416015625,12.26708984375,12.3193359375,12.31689453125,12.22021484375,12.221166992187502,12.47265625,12.376953125,84529,57786,0,0
artemisia,large,sequential,16384.0,TSC ticks/access,1.666338388812294,True,14.357777361816407,13.507429401367187,12.39501953125,12.6015625,5.392322496286042,3.469726506076964,12.306640625,12.3896484375,12.96923828125,13.30810546875,12.25537109375,12.29541015625,27.7275390625,17.8115234375,178274,124424,0,0
artemisia,large,sequential,32768.0,TSC ticks/access,-20.76947918501556,True,31.82173243408203,26.329072346191406,33.263671875,26.35498046875,6.336337271185501,8.924213374319038,29.73291015625,20.94091796875,35.02001953125,32.0224609375,22.904296875,16.71044921875,35.7578125,35.03271484375,39975,543,0,0
artemisia,large,sequential,65536.0,TSC ticks/access,-0.5112573605819182,True,35.34626630126953,35.07944889355469,35.24169921875,35.0615234375,4.422334162861085,4.264992543887798,34.9892578125,34.7333984375,35.51904296875,35.35302734375,34.54833984375,34.052734375,36.3125,36.09912109375,64459,65563,0,0
artemisia,large,sequential,131072.0,TSC ticks/access,-0.073280331835468,True,35.47513140087891,35.44763492724609,35.31494140625,35.2890625,5.707321925428262,4.544422933912742,35.1044921875,35.0888671875,35.58447265625,35.5263671875,34.8232421875,34.82421875,36.41650390625,36.48876953125,61672,71520,0,0
charnwood,small,random,16.0,TSC ticks/access,21.551240318778753,False,4.4089723740234374,5.344864800292969,4.35009765625,5.28759765625,0.5832435418891512,0.32935981924133423,4.2919921875,5.27685546875,4.43359375,5.337890625,4.28173828125,5.26953125,4.5830078125,5.4326171875,29669,50730,0,0
charnwood,small,random,32.0,TSC ticks/access,22.25430316490837,False,4.457251439941406,5.432194645019531,4.39697265625,5.37548828125,0.39425965289931125,0.4426683710619427,4.33056640625,5.33056640625,4.47412109375,5.4189453125,4.3125,5.3125,4.619140625,5.5419921875,32253,45949,0,0
charnwood,small,random,64.0,TSC ticks/access,19.954732077060733,False,9.335879275878906,11.224721612792969,9.2763671875,11.12744140625,0.4444063420003036,0.6024544777927091,9.21533203125,11.052734375,9.3515625,11.22021484375,9.0888671875,10.962890625,9.5390625,11.44189453125,79753,43497,0,0
charnwood,small,sequential,16.0,TSC ticks/access,21.83843384338433,False,4.387603968261719,5.34508880859375,4.33984375,5.28759765625,0.29161516336242566,0.32476259720108497,4.2900390625,5.27734375,4.42724609375,5.34033203125,4.28125,5.26953125,4.57275390625,5.423852539062466,27028,47808,0,0
charnwood,small,sequential,32.0,TSC ticks/access,22.174154187465334,False,4.4404721049804685,5.423954913574219,4.40185546875,5.3779296875,0.3029817872447641,0.5387227901899281,4.35107421875,5.34033203125,4.4912109375,5.42822265625,4.298828125,5.3076171875,4.60009765625,5.5546875,33897,47491,0,0
charnwood,small,sequential,64.0,TSC ticks/access,19.66816833315019,False,4.442757133789063,5.371318295410156,4.44384765625,5.31787109375,0.37340523200122394,0.32466198531154467,4.31787109375,5.30712890625,4.458984375,5.35595703125,4.30322265625,5.298828125,4.59326171875,5.45849609375,22872,67542,0,0
charnwood,middle,random,128.0,TSC ticks/access,12.105224321133413,False,13.333273495605468,14.962319314941407,13.234375,14.83642578125,0.8705500841719951,0.7399690673924807,13.1025390625,14.69384765625,13.38427734375,15.00927734375,12.916015625,14.53271484375,13.78173828125,15.3564453125,50278,38099,0,0
charnwood,middle,random,256.0,TSC ticks/access,11.041324096288108,False,18.298418875976562,20.332986966308592,18.11376953125,20.11376953125,1.0688980010420894,1.2960152708479953,17.91845703125,19.8896484375,18.373046875,20.36328125,17.654296875,19.5830078125,19.0966796875,21.16748046875,59064,54368,0,0
charnwood,middle,random,512.0,TSC ticks/access,15.411243834313893,False,33.10132266845703,38.23416394287109,32.865234375,37.93017578125,1.2100912371094021,1.3576712869370147,32.6767578125,37.7373046875,33.07568359375,38.19287109375,32.38916015625,37.52001953125,35.09912109375,41.37939453125,167449,68653,0,0
charnwood,middle,random,1024.0,TSC ticks/access,7.973236088252067,False,45.60046196289063,49.27172888671875,45.39111328125,49.01025390625,1.2085906332886183,1.1651566032387868,45.2353515625,48.82568359375,45.60107421875,49.1865234375,44.8330078125,48.59765625,48.546875,52.56640625,109723,78099,0,0
charnwood,middle,sequential,128.0,TSC ticks/access,19.321775160833067,False,4.546197076171875,5.390289262695313,4.47802734375,5.34326171875,0.3918099541110607,0.32289722939383864,4.44873046875,5.3095703125,4.53076171875,5.3876953125,4.43896484375,5.2958984375,4.6748046875,5.52587890625,58989,61311,0,0
charnwood,middle,sequential,256.0,TSC ticks/access,19.750966079862597,False,4.595675352050781,5.487342235351562,4.548828125,5.447265625,0.27869311633560384,0.31773766286895977,4.51416015625,5.41357421875,4.61279296875,5.4853515625,4.48388671875,5.3720703125,4.74169921875,5.619140625,37806,61786,0,0
charnwood,middle,sequential,512.0,TSC ticks/access,11.610562386615598,False,4.873095916992187,5.444736881347656,4.8447265625,5.4072265625,0.5590712676392765,0.45239654607468954,4.72314453125,5.39990234375,4.85546875,5.4150390625,4.67919921875,5.392578125,4.943359375,5.46533203125,26320,108832,0,0
charnwood,middle,sequential,1024.0,TSC ticks/access,7.677356656948486,False,5.052052216796875,5.452082157714844,5.0244140625,5.41015625,0.34539766269733935,0.34697180022486496,5.01708984375,5.4033203125,5.0322265625,5.41748046875,5.009765625,5.396484375,5.20361328125,5.4677734375,195660,113517,0,0
charnwood,large,random,2048.0,TSC ticks/access,4.405837127715162,True,52.5643267084961,55.164276328125,52.33203125,54.6376953125,1.18322302659293,2.3918262606947764,52.1982421875,54.4697265625,52.47900390625,54.8955078125,52.01025390625,54.22705078125,55.86279296875,58.36279296875,76713,140283,0,0
charnwood,large,random,4096.0,TSC ticks/access,73.60600829238781,False,66.6139572919922,115.6428888984375,66.1845703125,114.900390625,2.1839563954158123,7.156129904325657,65.513671875,111.83544921875,67.060546875,118.201171875,64.611328125,106.58251953125,70.06396484375,127.42138671875,79035,53682,0,0
charnwood,large,random,8192.0,TSC ticks/access,13.80431549930976,False,220.85803623291017,251.05709518164062,220.0009765625,250.37060546875,5.914733064243585,8.281166449452877,217.7314453125,246.00048828125,223.4453125,255.14892578125,215.00634765625,239.5712890625,228.5869140625,264.37795410156247,28312,29855,0,0
charnwood,large,random,16384.0,TSC ticks/access,7.11180991966458,False,296.07760099560545,316.37387011523435,295.33154296875,316.3349609375,5.856381705539622,11.467898152785558,293.078125,313.6806640625,299.185546875,320.38037109375,290.63232421875,307.369140625,302.98098144531247,324.95947265625,16211,53464,0,0
charnwood,large,sequential,2048.0,TSC ticks/access,3.934057699512916,False,5.248524164550782,5.4715252045898435,5.212890625,5.41796875,0.31236209605852644,0.40115240707961125,5.2041015625,5.4072265625,5.2314453125,5.4501953125,5.19677734375,5.39794921875,5.29638671875,5.55810546875,88833,74247,0,0
charnwood,large,sequential,4096.0,TSC ticks/access,9.986143187066965,False,5.337711158203125,5.877866555175781,5.28564453125,5.8134765625,0.506765002555748,0.4278596536917701,5.2470703125,5.75732421875,5.34326171875,5.89599609375,5.20947265625,5.68505859375,5.482421875,6.11083984375,46903,59148,0,0
charnwood,large,sequential,8192.0,TSC ticks/access,12.290890179422732,False,5.697584354003906,6.3727673256835935,5.63330078125,6.32568359375,0.3397820967408916,0.4644781886992363,5.58837890625,6.25537109375,5.7509765625,6.44873046875,5.53759765625,6.03662109375,5.90771484375,6.58251953125,28026,27264,0,0
charnwood,large,sequential,16384.0,TSC ticks/access,11.655913978494613,False,5.740178899902344,6.399968218261718,5.67626953125,6.337890625,0.3423603506982772,0.4448296458738185,5.6328125,6.28173828125,5.7783203125,6.4697265625,5.60986328125,6.064453125,5.9375,6.61865234375,30747,27141,0,0
crux,small,random,16.0,TSC ticks/access,-0.009285913269574397,True,2.682895228027344,2.67847844140625,2.629150390625,2.62890625,0.676368863645444,0.6135425560164322,2.625,2.62451171875,2.665283203125,2.651123046875,2.621337890625,2.62109375,2.712646484375,2.69580078125,33997,52994,0,0
crux,small,random,32.0,TSC ticks/access,-2.4162400071858436,True,2.765768796142578,2.7135456350097655,2.718017578125,2.65234375,0.594889449648256,0.5942520110940058,2.707763671875,2.646240234375,2.753662109375,2.693115234375,2.654541015625,2.641357421875,2.816650390625,2.768798828125,46473,52678,0,0
crux,small,random,64.0,TSC ticks/access,-0.04876967412990041,True,5.5961080546875,5.59555744946289,5.506591796875,5.50390625,0.7986309276073452,0.8550524144223608,5.48046875,5.4697265625,5.564453125,5.5517578125,5.447265625,5.44677734375,5.7333984375,5.722900390625,67182,67701,0,0
crux,small,sequential,16.0,TSC ticks/access,0.01857355126300142,True,2.669436985595703,2.678711052734375,2.62890625,2.62939453125,0.5052939488257071,0.5826715299045259,2.62451171875,2.625,2.654052734375,2.667724609375,2.62109375,2.621337890625,2.725341796875,2.715087890625,72914,30870,0,0
crux,small,sequential,32.0,TSC ticks/access,-2.617055367633969,True,2.7751730068359377,2.7291145900878906,2.74267578125,2.6708984375,0.43211083243730053,0.6384033326150939,2.724853515625,2.654541015625,2.775634765625,2.709716796875,2.696533203125,2.645751953125,2.8583984375,2.797119140625,61607,52617,0,0
crux,small,sequential,64.0,TSC ticks/access,-2.126696832579189,True,2.727563619873047,2.6879378674316405,2.69775390625,2.640380859375,0.5072703543130961,0.5802184931462956,2.6728515625,2.6357421875,2.71142578125,2.662353515625,2.6357421875,2.6318359375,2.815673828125,2.726318359375,73034,73412,0,0
crux,middle,random,128.0,TSC ticks/access,9.055793991416316,False,6.951363069335938,7.537688923339844,6.826171875,7.4443359375,1.0358346187094163,0.8749904375322974,6.76416015625,7.38427734375,6.912841796875,7.52001953125,6.6884765625,7.314453125,7.162109375,7.73486328125,56760,53294,0,0
crux,middle,random,256.0,TSC ticks/access,26.200821731547986,False,8.38142749243164,10.62382419555664,8.259521484375,10.423583984375,0.9660007103097379,1.4454944469033737,8.1689453125,10.30712890625,8.378662109375,10.5712890625,8.0615234375,10.169189453125,8.713134765625,11.065185546875,52893,57931,0,0
crux,middle,random,512.0,TSC ticks/access,-0.6995568685376652,True,20.936066264892577,20.791261037109376,20.660400390625,20.515869140625,1.9835768038614414,1.9560621136200829,20.541259765625,20.406494140625,20.79541015625,20.639892578125,20.353759765625,20.27978515625,21.361584472656233,21.133056640625,62129,59705,0,0
crux,middle,random,1024.0,TSC ticks/access,-0.007276762568331208,True,27.07879432519531,27.175437077148437,26.840576171875,26.838623046875,2.0237672934818813,2.3499989045843734,26.721923828125,26.725830078125,26.945556640625,26.935546875,26.571044921875,26.574462890625,27.596691894531233,27.89013671875,56274,71644,0,0
crux,middle,sequential,128.0,TSC ticks/access,-0.8728516152254118,True,2.7483121193847655,2.768294876220703,2.713134765625,2.689453125,0.39115952179061725,0.8765387764582608,2.7021484375,2.641845703125,2.744140625,2.718505859375,2.653564453125,2.6337890625,2.86474609375,2.900146484375,93905,75274,0,0
crux,middle,sequential,256.0,TSC ticks/access,0.09944851279268807,True,2.7492012790527345,2.7497655227050783,2.700439453125,2.703125,0.5789040489581352,0.5955416367732379,2.6796875,2.68505859375,2.73486328125,2.7353515625,2.657958984375,2.661376953125,2.85791015625,2.81201171875,66575,50665,0,0
crux,middle,sequential,512.0,TSC ticks/access,0.16292541636495628,True,2.7231604274902343,2.7505078295898437,2.697265625,2.70166015625,0.46114749900611124,0.6137477935087627,2.693603515625,2.695068359375,2.70068359375,2.722900390625,2.6904296875,2.6845703125,2.74951171875,2.78173828125,97272,71789,0,0
crux,middle,sequential,1024.0,TSC ticks/access,2.1719457013574583,True,2.7338864658203126,2.8626685900878908,2.69775390625,2.75634765625,0.5491341949521126,1.1121974455913746,2.694091796875,2.7509765625,2.701904296875,2.76123046875,2.6904296875,2.6943359375,2.7568359375,2.8857421875,137375,278903,0,0
crux,large,random,4096.0,TSC ticks/access,17.933840705297264,True,33.5027728503418,39.08023362060547,32.39990234375,38.21044921875,6.382571899966442,4.187727718615785,32.173828125,37.60546875,32.775390625,39.020751953125,31.9296875,36.839599609375,37.3662109375,43.740014648437466,116510,80580,0,0
crux,large,random,8192.0,TSC ticks/access,-11.01519911176112,True,140.8514526755371,125.29307218945313,136.550048828125,121.5087890625,16.30805177468166,13.25687364835669,132.484130859375,119.3876953125,144.928955078125,125.134521484375,123.990478515625,116.95068359375,164.6689453125,147.95460205078123,54430,124787,0,0
crux,large,random,16384.0,TSC ticks/access,-7.627146652429806,True,193.9277332548828,181.59489192333984,192.06298828125,177.4140625,13.373280747864507,14.713907273714963,188.074951171875,175.704833984375,196.862060546875,180.5498046875,179.201171875,173.71044921875,215.27490234375,207.58449707031247,73761,114913,0,0
crux,large,random,32768.0,TSC ticks/access,-0.44550311313263924,True,208.41151070947265,205.64280500878905,203.860107421875,202.951904296875,14.38698396042243,12.072572450073901,202.109130859375,201.82958984375,211.167724609375,204.489013671875,200.51171875,200.480224609375,229.39772949218747,227.55642089843747,64238,77756,0,0
crux,large,sequential,4096.0,TSC ticks/access,1.3171399247348559,True,2.9244388894042967,2.982938502441406,2.8544921875,2.89208984375,0.6208187545564502,0.7791830144494494,2.776123046875,2.81494140625,2.971435546875,3.012451171875,2.708251953125,2.74072265625,3.173828125,3.23779296875,22888,31727,0,0
crux,large,sequential,8192.0,TSC ticks/access,-1.3164231818911576,True,3.107057344238281,3.0658417861328124,3.04150390625,3.00146484375,0.5980054286733659,0.5548213340861167,2.975830078125,2.943603515625,3.16064453125,3.1181640625,2.898681640625,2.882568359375,3.334716796875,3.28076171875,20658,21859,0,0
crux,large,sequential,16384.0,TSC ticks/access,2.7209814407046284,True,3.1860537734375,3.2951123786621093,3.1044921875,3.18896484375,0.6572919914259509,0.8549525624074245,3.0419921875,3.10400390625,3.23095703125,3.326904296875,3.005859375,3.031982421875,3.4013671875,3.568603515625,18162,29632,0,0
crux,large,sequential,32768.0,TSC ticks/access,-0.645462322109025,True,3.198164559082031,3.2055922622070314,3.139404296875,3.119140625,0.5508449548043335,0.6587523779832303,3.0615234375,3.05908203125,3.257080078125,3.253662109375,3.022705078125,3.022705078125,3.408447265625,3.43212890625,14910,18965,0,0
ookay,small,random,16.0,TSC ticks/access,0.0,True,3.571965868652344,3.6010739995117187,3.53955078125,3.53955078125,0.7467171598166349,8.068718823107606,3.53369140625,3.53369140625,3.56787109375,3.57080078125,3.529296875,3.529296875,3.60986328125,3.623046875,41796,44887,0,0
ookay,small,random,32.0,TSC ticks/access,-0.1497821350762485,True,3.631900052734375,3.6279989462890625,3.5859375,3.58056640625,2.946373706727695,2.857423188071264,3.57421875,3.56982421875,3.62744140625,3.62109375,3.5654296875,3.55908203125,3.6904296875,3.6806640625,38347,34090,0,0
ookay,small,random,64.0,TSC ticks/access,-0.013187392852431756,True,7.452733075683594,7.477936657226563,7.4052734375,7.404296875,1.1640015305337168,2.5460293467387305,7.36083984375,7.35888671875,7.45703125,7.45654296875,7.31103515625,7.30712890625,7.59375,7.59423828125,47429,47117,0,0
ookay,small,sequential,16.0,TSC ticks/access,0.0,True,3.5764567485351564,3.642892354980469,3.53955078125,3.53955078125,2.2846581132431423,16.904727233167808,3.53369140625,3.53369140625,3.5712890625,3.57080078125,3.529296875,3.529296875,3.62255859375,3.62255859375,43560,45288,0,0
ookay,small,sequential,32.0,TSC ticks/access,0.8038147138964558,True,3.6182072119140627,3.6529350581054687,3.583984375,3.61279296875,2.337722958374021,1.6198350250543465,3.572265625,3.60302734375,3.62060546875,3.65625,3.53369140625,3.55517578125,3.6826171875,3.72021484375,42128,37920,0,0
ookay,small,sequential,64.0,TSC ticks/access,-0.8571428571428563,True,3.87950875,3.6813181108398436,3.5888671875,3.55810546875,1.0525002092404,7.989496984139438,3.5546875,3.55126953125,4.41748046875,3.59228515625,3.5458984375,3.54541015625,4.4853515625,4.419921875,4567,111941,0,0
ookay,middle,random,128.0,TSC ticks/access,-14.548777701622118,False,10.785583262695312,9.325403922851562,10.68603515625,9.13134765625,7.606438933914209,21.43403132441756,10.587890625,9.0625,10.78955078125,9.21826171875,10.47021484375,8.98681640625,11.0087890625,9.4345703125,31659,44740,0,0
ookay,middle,random,256.0,TSC ticks/access,-2.556617694232377,True,15.355623071777345,14.990106975097657,15.2216796875,14.83251953125,5.553550629184176,5.179131171393152,15.09912109375,14.65966796875,15.365234375,15.0146484375,14.94384765625,14.4140625,15.6904296875,15.380395507812466,39787,33481,0,0
ookay,middle,random,512.0,TSC ticks/access,-2.3415508740475155,True,27.43770184716797,26.92117512402344,27.23388671875,26.59619140625,13.73466914540289,15.079191219490161,27.0927734375,26.4736328125,27.39599609375,26.80224609375,26.9228515625,26.33935546875,27.75146484375,27.1005859375,42377,41466,0,0
ookay,middle,random,1024.0,TSC ticks/access,-0.0831138095707673,True,34.908022942382814,35.02852693847656,34.66162109375,34.6328125,14.676251119324027,22.022045980478573,34.5029296875,34.525390625,34.77197265625,34.77587890625,34.3173828125,34.3525390625,35.1162109375,35.109375,46744,51282,0,0
ookay,middle,sequential,128.0,TSC ticks/access,-0.8292550299075607,True,3.8058937680664062,3.6452278041992185,3.591796875,3.56201171875,3.24495097448677,1.5538879218224315,3.56103515625,3.552734375,3.71826171875,3.60107421875,3.55078125,3.5458984375,4.5068359375,3.87109375,216367,104153,0,0
ookay,middle,sequential,256.0,TSC ticks/access,1.213919611545733,True,3.682836968261719,3.959338443847656,3.6201171875,3.6640625,0.44344354991702106,2.0857758823794788,3.59033203125,3.61865234375,3.64990234375,4.533203125,3.572265625,3.578125,4.00732421875,4.66650390625,81856,3914,0,0
ookay,middle,sequential,512.0,TSC ticks/access,0.12113055181695032,True,3.725248531738281,3.8360071655273438,3.6279296875,3.63232421875,7.1419061366637475,1.9299876672701641,3.6220703125,3.6240234375,3.63720703125,3.67041015625,3.61572265625,3.61572265625,4.59033203125,4.62744140625,161668,183443,0,0
ookay,middle,sequential,1024.0,TSC ticks/access,-21.130794526360454,True,4.279452866210938,3.8446906123046873,4.60302734375,3.63037109375,0.7977851489578122,4.4285348109629785,3.6318359375,3.62451171875,4.61328125,3.66015625,3.62060546875,3.6181640625,4.64453125,4.61572265625,3743,186622,0,0
ookay,large,random,2048.0,TSC ticks/access,0.026601471948106692,True,41.623576526855466,38.8429074453125,38.54638671875,38.556640625,107.97549540735001,11.463845780708597,38.4501953125,38.45947265625,38.6513671875,38.66259765625,38.30078125,38.28466796875,40.75146484375,38.953125,75222,53874,0,0
ookay,large,random,4096.0,TSC ticks/access,0.5692556925569248,True,43.6970457915039,44.14018065820313,43.40234375,43.6494140625,8.59093589130011,22.145523901800427,43.04736328125,43.26220703125,43.8212890625,44.103515625,42.5947265625,42.7666015625,45.46826171875,46.1220703125,64829,70619,0,0
ookay,large,random,8192.0,TSC ticks/access,2.3797523996468284,True,129.5467842241211,132.86697522753906,128.85400390625,131.92041015625,29.202462120387626,23.083327549100996,126.93701171875,130.03515625,130.96533203125,134.076171875,124.3876953125,127.552734375,134.97998046875,138.57666015625,31424,39863,0,0
ookay,large,random,16384.0,TSC ticks/access,-0.12838980397068545,True,203.45706593408204,205.60187188427733,202.7060546875,202.44580078125,27.859560867484987,78.41229913362889,201.16845703125,200.861328125,204.43212890625,204.32861328125,199.15576171875,198.80712890625,207.490234375,208.70998535156247,26790,45874,0,0
ookay,large,sequential,2048.0,TSC ticks/access,0.10761366693570196,True,3.822562553222656,3.885269986328125,3.6298828125,3.6337890625,7.370043966041491,1.7453946510890799,3.6240234375,3.62548828125,3.658203125,3.693359375,3.61767578125,3.61767578125,4.61767578125,4.63232421875,167855,236386,0,0
ookay,large,sequential,4096.0,TSC ticks/access,0.1969279243796862,True,4.079562962890625,3.8490107416992188,3.71923828125,3.7265625,0.9890243036826879,7.806797110013023,3.65185546875,3.6767578125,4.6435546875,3.82080078125,3.62353515625,3.63037109375,4.837890625,4.18212890625,3855,76472,0,0
ookay,large,sequential,8192.0,TSC ticks/access,-3.219106957424711,True,4.491195311035156,4.138112424804688,4.23193359375,4.095703125,1.7245574982217968,1.73095858762391,4.0302734375,3.9697265625,5.02880859375,4.21533203125,3.904296875,3.8876953125,5.26953125,4.3525390625,5188,19776,0,0
ookay,large,sequential,16384.0,TSC ticks/access,0.011481056257167666,True,4.308644170898438,4.324980786132812,4.2529296875,4.25341796875,0.6532982714461555,2.0124884313272684,4.07080078125,4.0732421875,4.3544921875,4.3544921875,4.01123046875,4.01318359375,5.16796875,5.17626953125,80927,83651,0,0
upgrade,small,random,16.0,TSC ticks/access,1.6379457430472533,True,2.940433501953125,2.9419778244628905,2.86181640625,2.90869140625,0.7633309421089314,0.6546092696091268,2.85595703125,2.85791015625,2.9189453125,2.92333984375,2.85107421875,2.8515625,2.9853515625,2.972900390625,22200,16125,0,0
upgrade,small,random,32.0,TSC ticks/access,0.13297872340425343,True,2.980644455810547,2.9828023115234377,2.9375,2.94140625,0.7088913307210194,0.6662127750373109,2.885498046875,2.886962890625,2.955322265625,2.954833984375,2.87353515625,2.874267578125,3.025634765625,3.019287109375,27495,24871,0,0
upgrade,small,random,64.0,TSC ticks/access,0.41461729198000175,True,6.150836791748047,6.152008257324219,6.006103515625,6.031005859375,1.4880849327568333,1.5187284451007472,5.955810546875,5.952392578125,6.089111328125,6.09423828125,5.90283203125,5.906005859375,6.2373046875,6.2294921875,34299,30279,0,0
upgrade,small,sequential,16.0,TSC ticks/access,-0.017059024223808894,True,2.9472215634765626,2.9429933349609376,2.8623046875,2.86181640625,0.7439809815641028,0.74780308017916,2.8564453125,2.855712890625,2.9208984375,2.9189453125,2.85107421875,2.85107421875,2.979248046875,2.972412109375,23550,19412,0,0
upgrade,small,sequential,32.0,TSC ticks/access,0.10065425264218497,True,2.9883336083984373,2.9837553557128906,2.91064453125,2.91357421875,1.6222284102861328,0.7777165353677743,2.887451171875,2.880615234375,2.944091796875,2.948486328125,2.85693359375,2.87060546875,3.032958984375,3.027587890625,52740,34941,0,0
upgrade,small,sequential,64.0,TSC ticks/access,0.9260045875456591,True,2.954967509033203,2.9653228344726563,2.873779296875,2.900390625,0.787982046780403,0.7214923240094209,2.8681640625,2.87255859375,2.9287109375,2.939208984375,2.863037109375,2.866455078125,3.00244140625,3.009033203125,33430,30444,0,0
upgrade,middle,random,128.0,TSC ticks/access,-21.519810609016886,False,9.596024423583984,7.556152651611328,9.384521484375,7.364990234375,2.094079525038355,1.6809139725636533,9.283203125,7.310302734375,9.514892578125,7.444580078125,9.172607421875,7.250732421875,9.736328125,7.684814453125,33796,62913,0,0
upgrade,middle,random,256.0,TSC ticks/access,10.675634362580254,False,12.242016832519532,13.562815894042968,11.978759765625,13.257568359375,2.183786842364931,2.485728475848995,11.8134765625,13.08935546875,12.159912109375,13.456298828125,11.609375,12.90625,12.571044921875,13.936279296875,42109,45345,0,0
upgrade,middle,random,512.0,TSC ticks/access,-1.8713651093418049,True,23.33282253051758,22.81926455004883,22.75244140625,22.32666015625,3.0536639120754665,2.9403298665234803,22.6044921875,22.163330078125,22.9755859375,22.694580078125,22.436767578125,21.919677734375,24.498779296875,23.614013671875,73792,51045,0,0
upgrade,middle,random,1024.0,TSC ticks/access,0.30299429657794086,True,29.497375096435547,29.49484669946289,28.765625,28.852783203125,3.7379548343576783,3.3441843150122317,28.6533203125,28.68798828125,29.0234375,29.383056640625,28.4462890625,28.491943359375,30.7373046875,30.5107421875,86000,52569,0,0
upgrade,middle,sequential,128.0,TSC ticks/access,0.2579678788383166,True,2.9668665925292967,2.9794442717285157,2.933837890625,2.94140625,0.6185522859387569,0.6602996032364211,2.879150390625,2.886962890625,2.947021484375,2.954833984375,2.867919921875,2.874267578125,3.018310546875,3.025146484375,34906,32703,0,0
upgrade,middle,sequential,256.0,TSC ticks/access,0.24873559406350942,True,3.019965766357422,3.0162186162109377,2.944580078125,2.951904296875,0.7602661124945517,0.7699898262181506,2.909423828125,2.9140625,2.98095703125,2.98779296875,2.889892578125,2.8974609375,3.079345703125,3.0732421875,47271,36942,0,0
upgrade,middle,sequential,512.0,TSC ticks/access,-0.09142287234042978,True,3.0130920947265625,3.0086584436035158,2.9375,2.934814453125,0.7197095781842179,0.6987259604217188,2.9306640625,2.9296875,2.9951171875,2.9931640625,2.92236328125,2.923828125,3.052734375,3.006103515625,17130,17774,0,0
upgrade,middle,sequential,1024.0,TSC ticks/access,0.14977533699451762,True,3.0119449047851563,3.0069871235351564,2.93408203125,2.9384765625,0.8152214223849937,0.6726053520489176,2.929443359375,2.931640625,2.94482421875,2.998291015625,2.9248046875,2.92578125,3.006103515625,3.007568359375,224847,8285,0,0
upgrade,large,random,4096.0,TSC ticks/access,0.8386329781139068,True,34.7720889555664,34.5895356706543,34.08984375,34.375732421875,3.589677354946502,3.2463972310231908,33.8173828125,33.716064453125,34.655517578125,34.499755859375,33.649169921875,33.531005859375,35.99244384765623,35.612329101562466,50636,49770,0,0
upgrade,large,random,8192.0,TSC ticks/access,0.26264882759068353,True,61.62952128051758,61.458376568115234,60.32666015625,60.485107421875,6.360467803257135,6.050202751103296,59.149169921875,59.266357421875,61.719482421875,61.84130859375,57.65843505859375,57.66845703125,73.096923828125,66.33620605468747,75318,53893,0,0
upgrade,large,random,16384.0,TSC ticks/access,-0.6742068862642947,True,160.12079584423827,158.57537498828125,157.121826171875,156.0625,9.992342277011618,9.217188367594774,155.502685546875,154.530029296875,159.2958984375,158.00390625,153.45189208984374,152.54296875,180.74462890625,179.31884765625,146216,123401,0,0
upgrade,large,random,32768.0,TSC ticks/access,0.45796758675769045,True,201.43940495654297,201.61630998510742,197.778564453125,198.684326171875,10.382962416332276,10.125140655929147,196.609619140625,197.459716796875,199.729248046875,200.501220703125,195.239013671875,195.98681640625,221.5693359375,221.8359375,171280,140827,0,0
upgrade,large,sequential,4096.0,TSC ticks/access,2.4347681568888113,True,3.029982673828125,3.066835756591797,2.93798828125,3.009521484375,0.845405397089004,0.5213076177053529,2.93212890625,2.99755859375,2.965087890625,3.0498046875,2.92626953125,2.93701171875,3.087158203125,3.23583984375,101891,114349,0,0
upgrade,large,sequential,8192.0,TSC ticks/access,0.7702662279389871,True,3.3792857592773435,3.360622048583984,3.2646484375,3.289794921875,0.903606903588064,0.8270147449336129,3.171875,3.18994140625,3.38623046875,3.410888671875,3.09765625,3.087646484375,3.64013671875,3.5625,48235,10327,0,0
upgrade,large,sequential,16384.0,TSC ticks/access,0.4860524091293339,True,3.547792048828125,3.522919392578125,3.4658203125,3.482666015625,0.8707280390952152,0.6895416216222786,3.318115234375,3.3515625,3.564453125,3.56982421875,3.262939453125,3.277099609375,3.776123046875,3.6865234375,45115,19150,0,0
upgrade,large,sequential,32768.0,TSC ticks/access,0.12531328320801727,True,3.5599682993164063,3.5594532709960935,3.5068359375,3.51123046875,0.7976429563190588,0.7607889725477872,3.369140625,3.37646484375,3.59375,3.595458984375,3.30029296875,3.3017578125,3.722900390625,3.732177734375,19433,21066,0,0
